store_id,month,cohort_month,orders
1,1,7,786
1,2,7,826
1,3,7,800
1,4,7,796
1,5,7,749
1,6,7,768
1,7,7,1017
1,8,7,1017
1,9,7,970
1,10,7,1041
1,11,7,978
1,12,7,1043
1,13,7,982
1,14,7,987
1,15,7,968
1,16,7,945
1,17,7,983
1,18,7,998
1,19,7,1004
1,20,7,1048
1,21,7,1060
1,22,7,1012
1,23,7,999
1,24,7,1011
2,1,7,808
2,2,7,806
2,3,7,846
2,4,7,842
2,5,7,801
2,6,7,869
2,7,7,1007
2,8,7,1034
2,9,7,1006
2,10,7,1072
2,11,7,1022
2,12,7,1076
2,13,7,1056
2,14,7,1028
2,15,7,1036
2,16,7,1077
2,17,7,1024
2,18,7,1028
2,19,7,1010
2,20,7,1048
2,21,7,1087
2,22,7,1076
2,23,7,1025
2,24,7,1048
3,1,7,796
3,2,7,770
3,3,7,826
3,4,7,840
3,5,7,783
3,6,7,778
3,7,7,1013
3,8,7,971
3,9,7,958
3,10,7,1000
3,11,7,978
3,12,7,1054
3,13,7,990
3,14,7,1002
3,15,7,951
3,16,7,1060
3,17,7,1067
3,18,7,1008
3,19,7,1024
3,20,7,1031
3,21,7,1013
3,22,7,1032
3,23,7,1043
3,24,7,1037
4,1,7,780
4,2,7,818
4,3,7,832
4,4,7,853
4,5,7,785
4,6,7,780
4,7,7,1054
4,8,7,1052
4,9,7,971
4,10,7,1002
4,11,7,992
4,12,7,1008
4,13,7,1014
4,14,7,991
4,15,7,1048
4,16,7,1008
4,17,7,1035
4,18,7,1047
4,19,7,987
4,20,7,1051
4,21,7,1041
4,22,7,1049
4,23,7,1026
4,24,7,1052
5,1,7,739
5,2,7,767
5,3,7,782
5,4,7,783
5,5,7,789
5,6,7,798
5,7,7,1034
5,8,7,1046
5,9,7,952
5,10,7,1041
5,11,7,983
5,12,7,1023
5,13,7,938
5,14,7,1031
5,15,7,1125
5,16,7,1045
5,17,7,1034
5,18,7,1032
5,19,7,1026
5,20,7,1011
5,21,7,1003
5,22,7,1005
5,23,7,1007
5,24,7,1005
6,1,7,784
6,2,7,777
6,3,7,799
6,4,7,843
6,5,7,776
6,6,7,828
6,7,7,1046
6,8,7,1034
6,9,7,975
6,10,7,1034
6,11,7,1011
6,12,7,966
6,13,7,997
6,14,7,985
6,15,7,991
6,16,7,1030
6,17,7,973
6,18,7,986
6,19,7,1080
6,20,7,1055
6,21,7,1014
6,22,7,989
6,23,7,988
6,24,7,1110
7,1,7,827
7,2,7,784
7,3,7,785
7,4,7,825
7,5,7,813
7,6,7,838
7,7,7,1027
7,8,7,995
7,9,7,1004
7,10,7,1026
7,11,7,1027
7,12,7,1055
7,13,7,1076
7,14,7,1021
7,15,7,1077
7,16,7,1047
7,17,7,1035
7,18,7,1064
7,19,7,1040
7,20,7,990
7,21,7,1076
7,22,7,1069
7,23,7,1080
7,24,7,1063
8,1,7,790
8,2,7,786
8,3,7,816
8,4,7,818
8,5,7,791
8,6,7,827
8,7,7,1023
8,8,7,956
8,9,7,940
8,10,7,1084
8,11,7,1040
8,12,7,1022
8,13,7,995
8,14,7,990
8,15,7,1014
8,16,7,969
8,17,7,1030
8,18,7,1009
8,19,7,992
8,20,7,993
8,21,7,1021
8,22,7,1058
8,23,7,1014
8,24,7,1037
9,1,7,833
9,2,7,804
9,3,7,760
9,4,7,789
9,5,7,811
9,6,7,817
9,7,7,990
9,8,7,1020
9,9,7,997
9,10,7,1007
9,11,7,979
9,12,7,981
9,13,7,979
9,14,7,1023
9,15,7,992
9,16,7,1015
9,17,7,954
9,18,7,1020
9,19,7,1004
9,20,7,1007
9,21,7,1040
9,22,7,986
9,23,7,1050
9,24,7,989
10,1,7,827
10,2,7,785
10,3,7,792
10,4,7,841
10,5,7,756
10,6,7,868
10,7,7,1030
10,8,7,1098
10,9,7,1006
10,10,7,1002
10,11,7,967
10,12,7,1038
10,13,7,1014
10,14,7,1077
10,15,7,1015
10,16,7,1057
10,17,7,1072
10,18,7,1043
10,19,7,1050
10,20,7,1050
10,21,7,998
10,22,7,1062
10,23,7,1083
10,24,7,1117
11,1,7,753
11,2,7,820
11,3,7,855
11,4,7,858
11,5,7,798
11,6,7,858
11,7,7,1033
11,8,7,1083
11,9,7,1061
11,10,7,1032
11,11,7,1062
11,12,7,1051
11,13,7,1076
11,14,7,1050
11,15,7,1011
11,16,7,1033
11,17,7,1000
11,18,7,1009
11,19,7,1044
11,20,7,1078
11,21,7,1044
11,22,7,1057
11,23,7,1152
11,24,7,1037
12,1,7,808
12,2,7,773
12,3,7,790
12,4,7,788
12,5,7,783
12,6,7,761
12,7,7,991
12,8,7,993
12,9,7,982
12,10,7,962
12,11,7,1009
12,12,7,1006
12,13,7,1060
12,14,7,934
12,15,7,1059
12,16,7,1040
12,17,7,987
12,18,7,1058
12,19,7,1030
12,20,7,1025
12,21,7,1002
12,22,7,979
12,23,7,973
12,24,7,1023
13,1,7,862
13,2,7,869
13,3,7,825
13,4,7,815
13,5,7,795
13,6,7,765
13,7,7,1007
13,8,7,1042
13,9,7,1033
13,10,7,1047
13,11,7,989
13,12,7,1072
13,13,7,1070
13,14,7,999
13,15,7,1016
13,16,7,1014
13,17,7,1022
13,18,7,1059
13,19,7,1035
13,20,7,1017
13,21,7,1058
13,22,7,1015
13,23,7,1077
13,24,7,1063
14,1,7,823
14,2,7,814
14,3,7,864
14,4,7,838
14,5,7,788
14,6,7,820
14,7,7,1016
14,8,7,1036
14,9,7,1049
14,10,7,1066
14,11,7,1032
14,12,7,1032
14,13,7,1111
14,14,7,1003
14,15,7,1034
14,16,7,1042
14,17,7,1060
14,18,7,1052
14,19,7,1009
14,20,7,1075
14,21,7,1029
14,22,7,1031
14,23,7,1047
14,24,7,1059
15,1,7,818
15,2,7,866
15,3,7,808
15,4,7,818
15,5,7,772
15,6,7,842
15,7,7,1047
15,8,7,1051
15,9,7,995
15,10,7,1100
15,11,7,1015
15,12,7,984
15,13,7,1086
15,14,7,1046
15,15,7,1063
15,16,7,1040
15,17,7,1003
15,18,7,1061
15,19,7,1038
15,20,7,1060
15,21,7,999
15,22,7,1050
15,23,7,1025
15,24,7,1028
16,1,7,818
16,2,7,804
16,3,7,773
16,4,7,902
16,5,7,804
16,6,7,849
16,7,7,1029
16,8,7,1087
16,9,7,986
16,10,7,1052
16,11,7,1081
16,12,7,1012
16,13,7,997
16,14,7,1002
16,15,7,1067
16,16,7,1048
16,17,7,1021
16,18,7,1001
16,19,7,1036
16,20,7,1096
16,21,7,1031
16,22,7,1078
16,23,7,1045
16,24,7,1126
17,1,7,782
17,2,7,799
17,3,7,811
17,4,7,786
17,5,7,817
17,6,7,793
17,7,7,984
17,8,7,1014
17,9,7,1000
17,10,7,1031
17,11,7,1017
17,12,7,986
17,13,7,1020
17,14,7,1010
17,15,7,1011
17,16,7,1008
17,17,7,1007
17,18,7,1044
17,19,7,1018
17,20,7,1037
17,21,7,1004
17,22,7,1089
17,23,7,1070
17,24,7,1046
18,1,7,839
18,2,7,834
18,3,7,810
18,4,7,804
18,5,7,794
18,6,7,805
18,7,7,1005
18,8,7,1066
18,9,7,1020
18,10,7,1013
18,11,7,1012
18,12,7,1058
18,13,7,963
18,14,7,1075
18,15,7,1069
18,16,7,1072
18,17,7,1000
18,18,7,1090
18,19,7,1068
18,20,7,1059
18,21,7,995
18,22,7,991
18,23,7,1022
18,24,7,1049
19,1,7,802
19,2,7,800
19,3,7,760
19,4,7,787
19,5,7,836
19,6,7,793
19,7,7,934
19,8,7,961
19,9,7,1012
19,10,7,947
19,11,7,1021
19,12,7,957
19,13,7,985
19,14,7,975
19,15,7,979
19,16,7,1050
19,17,7,953
19,18,7,1026
19,19,7,992
19,20,7,954
19,21,7,980
19,22,7,1030
19,23,7,965
19,24,7,1032
20,1,7,759
20,2,7,726
20,3,7,795
20,4,7,801
20,5,7,780
20,6,7,805
20,7,7,1009
20,8,7,999
20,9,7,983
20,10,7,1041
20,11,7,963
20,12,7,1059
20,13,7,945
20,14,7,954
20,15,7,1044
20,16,7,985
20,17,7,964
20,18,7,1006
20,19,7,1042
20,20,7,1049
20,21,7,1022
20,22,7,1022
20,23,7,970
20,24,7,951
21,1,7,786
21,2,7,778
21,3,7,779
21,4,7,816
21,5,7,753
21,6,7,818
21,7,7,996
21,8,7,1002
21,9,7,1018
21,10,7,974
21,11,7,1026
21,12,7,988
21,13,7,1015
21,14,7,979
21,15,7,977
21,16,7,988
21,17,7,966
21,18,7,958
21,19,7,1019
21,20,7,1031
21,21,7,1018
21,22,7,1024
21,23,7,985
21,24,7,1094
22,1,7,859
22,2,7,793
22,3,7,861
22,4,7,808
22,5,7,792
22,6,7,789
22,7,7,993
22,8,7,1026
22,9,7,1025
22,10,7,997
22,11,7,1010
22,12,7,1026
22,13,7,1003
22,14,7,949
22,15,7,991
22,16,7,1026
22,17,7,1023
22,18,7,1052
22,19,7,1033
22,20,7,1043
22,21,7,1027
22,22,7,1001
22,23,7,1097
22,24,7,1056
23,1,7,795
23,2,7,832
23,3,7,777
23,4,7,801
23,5,7,771
23,6,7,795
23,7,7,954
23,8,7,988
23,9,7,953
23,10,7,1010
23,11,7,1000
23,12,7,962
23,13,7,1047
23,14,7,1034
23,15,7,968
23,16,7,1009
23,17,7,1044
23,18,7,1012
23,19,7,1011
23,20,7,990
23,21,7,1004
23,22,7,1036
23,23,7,1052
23,24,7,1014
24,1,7,816
24,2,7,811
24,3,7,828
24,4,7,851
24,5,7,772
24,6,7,751
24,7,7,1021
24,8,7,1037
24,9,7,1013
24,10,7,1038
24,11,7,989
24,12,7,1023
24,13,7,992
24,14,7,1018
24,15,7,974
24,16,7,1068
24,17,7,1060
24,18,7,1013
24,19,7,988
24,20,7,1036
24,21,7,1076
24,22,7,1056
24,23,7,1048
24,24,7,1012
25,1,7,833
25,2,7,814
25,3,7,844
25,4,7,746
25,5,7,778
25,6,7,765
25,7,7,992
25,8,7,980
25,9,7,1028
25,10,7,1019
25,11,7,988
25,12,7,1006
25,13,7,1042
25,14,7,1014
25,15,7,975
25,16,7,1040
25,17,7,1024
25,18,7,1039
25,19,7,981
25,20,7,1008
25,21,7,993
25,22,7,1023
25,23,7,1057
25,24,7,1019
26,1,7,857
26,2,7,847
26,3,7,787
26,4,7,825
26,5,7,784
26,6,7,794
26,7,7,1063
26,8,7,990
26,9,7,1016
26,10,7,1020
26,11,7,1017
26,12,7,1054
26,13,7,1034
26,14,7,991
26,15,7,1060
26,16,7,1052
26,17,7,1035
26,18,7,1069
26,19,7,1035
26,20,7,1017
26,21,7,1009
26,22,7,1022
26,23,7,1001
26,24,7,1061
27,1,7,800
27,2,7,768
27,3,7,826
27,4,7,862
27,5,7,778
27,6,7,794
27,7,7,986
27,8,7,1003
27,9,7,952
27,10,7,1005
27,11,7,1010
27,12,7,1003
27,13,7,996
27,14,7,1011
27,15,7,964
27,16,7,1029
27,17,7,964
27,18,7,1000
27,19,7,1033
27,20,7,1000
27,21,7,1029
27,22,7,1009
27,23,7,1032
27,24,7,1014
28,1,7,793
28,2,7,782
28,3,7,789
28,4,7,773
28,5,7,830
28,6,7,817
28,7,7,965
28,8,7,1033
28,9,7,991
28,10,7,1018
28,11,7,1000
28,12,7,1001
28,13,7,1025
28,14,7,984
28,15,7,1006
28,16,7,1027
28,17,7,1021
28,18,7,976
28,19,7,1048
28,20,7,990
28,21,7,1024
28,22,7,1018
28,23,7,1055
28,24,7,1043
29,1,7,800
29,2,7,804
29,3,7,832
29,4,7,881
29,5,7,824
29,6,7,833
29,7,7,1016
29,8,7,1044
29,9,7,983
29,10,7,1052
29,11,7,1018
29,12,7,981
29,13,7,1072
29,14,7,970
29,15,7,1058
29,16,7,1042
29,17,7,1010
29,18,7,997
29,19,7,1017
29,20,7,1013
29,21,7,1042
29,22,7,1063
29,23,7,1092
29,24,7,1047
30,1,7,767
30,2,7,814
30,3,7,793
30,4,7,844
30,5,7,728
30,6,7,772
30,7,7,1028
30,8,7,982
30,9,7,987
30,10,7,1044
30,11,7,1036
30,12,7,988
30,13,7,1039
30,14,7,980
30,15,7,991
30,16,7,989
30,17,7,963
30,18,7,975
30,19,7,1039
30,20,7,980
30,21,7,1013
30,22,7,987
30,23,7,995
30,24,7,1064
31,1,7,820
31,2,7,870
31,3,7,787
31,4,7,774
31,5,7,788
31,6,7,734
31,7,7,989
31,8,7,958
31,9,7,1027
31,10,7,1055
31,11,7,995
31,12,7,1004
31,13,7,994
31,14,7,1012
31,15,7,1009
31,16,7,995
31,17,7,1014
31,18,7,1033
31,19,7,1049
31,20,7,1049
31,21,7,1078
31,22,7,1032
31,23,7,966
31,24,7,1043
32,1,7,770
32,2,7,784
32,3,7,842
32,4,7,806
32,5,7,815
32,6,7,777
32,7,7,989
32,8,7,1021
32,9,7,976
32,10,7,952
32,11,7,987
32,12,7,1001
32,13,7,989
32,14,7,988
32,15,7,989
32,16,7,997
32,17,7,974
32,18,7,1036
32,19,7,989
32,20,7,978
32,21,7,1012
32,22,7,1003
32,23,7,1026
32,24,7,963
33,1,7,853
33,2,7,832
33,3,7,820
33,4,7,839
33,5,7,811
33,6,7,847
33,7,7,1052
33,8,7,1061
33,9,7,1020
33,10,7,1009
33,11,7,1051
33,12,7,963
33,13,7,945
33,14,7,979
33,15,7,1015
33,16,7,1011
33,17,7,1007
33,18,7,1039
33,19,7,1012
33,20,7,1040
33,21,7,1008
33,22,7,998
33,23,7,1072
33,24,7,1058
34,1,7,778
34,2,7,832
34,3,7,771
34,4,7,809
34,5,7,748
34,6,7,803
34,7,7,1027
34,8,7,974
34,9,7,1015
34,10,7,1038
34,11,7,949
34,12,7,990
34,13,7,1049
34,14,7,1020
34,15,7,1038
34,16,7,991
34,17,7,1011
34,18,7,985
34,19,7,1049
34,20,7,1022
34,21,7,1058
34,22,7,1053
34,23,7,1041
34,24,7,1056
35,1,7,859
35,2,7,794
35,3,7,805
35,4,7,772
35,5,7,813
35,6,7,777
35,7,7,983
35,8,7,962
35,9,7,1001
35,10,7,1041
35,11,7,1030
35,12,7,1036
35,13,7,1023
35,14,7,1003
35,15,7,1045
35,16,7,1030
35,17,7,996
35,18,7,963
35,19,7,1016
35,20,7,1056
35,21,7,1018
35,22,7,1021
35,23,7,1069
35,24,7,1040
36,1,7,823
36,2,7,781
36,3,7,819
36,4,7,828
36,5,7,842
36,6,7,817
36,7,7,1007
36,8,7,1055
36,9,7,999
36,10,7,1032
36,11,7,1019
36,12,7,979
36,13,7,981
36,14,7,1032
36,15,7,1004
36,16,7,1005
36,17,7,1077
36,18,7,1037
36,19,7,1087
36,20,7,1063
36,21,7,1049
36,22,7,1036
36,23,7,1039
36,24,7,1068
37,1,7,808
37,2,7,877
37,3,7,812
37,4,7,827
37,5,7,822
37,6,7,792
37,7,7,1056
37,8,7,1036
37,9,7,1028
37,10,7,1059
37,11,7,983
37,12,7,1085
37,13,7,1085
37,14,7,1043
37,15,7,1082
37,16,7,1081
37,17,7,1062
37,18,7,1104
37,19,7,1010
37,20,7,1021
37,21,7,1045
37,22,7,1098
37,23,7,1149
37,24,7,1078
38,1,7,794
38,2,7,792
38,3,7,828
38,4,7,786
38,5,7,790
38,6,7,788
38,7,7,909
38,8,7,988
38,9,7,931
38,10,7,1001
38,11,7,956
38,12,7,989
38,13,7,987
38,14,7,983
38,15,7,1027
38,16,7,1002
38,17,7,1079
38,18,7,1018
38,19,7,995
38,20,7,1015
38,21,7,1067
38,22,7,1044
38,23,7,1037
38,24,7,1053
39,1,7,814
39,2,7,814
39,3,7,792
39,4,7,854
39,5,7,814
39,6,7,775
39,7,7,1042
39,8,7,1060
39,9,7,1018
39,10,7,1035
39,11,7,1028
39,12,7,1042
39,13,7,1034
39,14,7,1056
39,15,7,1032
39,16,7,1035
39,17,7,1065
39,18,7,993
39,19,7,1040
39,20,7,1028
39,21,7,1056
39,22,7,1095
39,23,7,1043
39,24,7,1106
40,1,7,868
40,2,7,819
40,3,7,815
40,4,7,818
40,5,7,809
40,6,7,794
40,7,7,1048
40,8,7,1002
40,9,7,1010
40,10,7,1012
40,11,7,987
40,12,7,1003
40,13,7,1028
40,14,7,1031
40,15,7,1012
40,16,7,1047
40,17,7,987
40,18,7,1048
40,19,7,1025
40,20,7,1121
40,21,7,1045
40,22,7,1051
40,23,7,1033
40,24,7,1077
41,1,7,748
41,2,7,835
41,3,7,833
41,4,7,767
41,5,7,786
41,6,7,830
41,7,7,982
41,8,7,1030
41,9,7,932
41,10,7,966
41,11,7,1034
41,12,7,1007
41,13,7,1003
41,14,7,995
41,15,7,973
41,16,7,990
41,17,7,1065
41,18,7,992
41,19,7,1011
41,20,7,1041
41,21,7,1072
41,22,7,1052
41,23,7,1000
41,24,7,1014
42,1,7,872
42,2,7,827
42,3,7,840
42,4,7,811
42,5,7,755
42,6,7,816
42,7,7,970
42,8,7,1011
42,9,7,1035
42,10,7,1101
42,11,7,1046
42,12,7,1040
42,13,7,1049
42,14,7,1057
42,15,7,1043
42,16,7,994
42,17,7,984
42,18,7,1060
42,19,7,986
42,20,7,1045
42,21,7,1026
42,22,7,1032
42,23,7,1055
42,24,7,1012
43,1,7,857
43,2,7,859
43,3,7,799
43,4,7,823
43,5,7,829
43,6,7,786
43,7,7,1037
43,8,7,1055
43,9,7,1009
43,10,7,1085
43,11,7,1023
43,12,7,1049
43,13,7,1012
43,14,7,1039
43,15,7,1034
43,16,7,1040
43,17,7,1107
43,18,7,1004
43,19,7,1014
43,20,7,1053
43,21,7,1038
43,22,7,1021
43,23,7,1082
43,24,7,1117
44,1,7,831
44,2,7,824
44,3,7,786
44,4,7,823
44,5,7,847
44,6,7,826
44,7,7,1038
44,8,7,1032
44,9,7,1035
44,10,7,1056
44,11,7,1114
44,12,7,1041
44,13,7,1014
44,14,7,1027
44,15,7,992
44,16,7,1000
44,17,7,1069
44,18,7,1069
44,19,7,1035
44,20,7,1095
44,21,7,1070
44,22,7,1042
44,23,7,1024
44,24,7,1088
45,1,7,798
45,2,7,802
45,3,7,810
45,4,7,792
45,5,7,805
45,6,7,786
45,7,7,1073
45,8,7,1036
45,9,7,1004
45,10,7,973
45,11,7,956
45,12,7,972
45,13,7,1024
45,14,7,1004
45,15,7,1036
45,16,7,1054
45,17,7,1013
45,18,7,1005
45,19,7,1025
45,20,7,1045
45,21,7,1024
45,22,7,997
45,23,7,1021
45,24,7,1010
46,1,7,822
46,2,7,833
46,3,7,818
46,4,7,758
46,5,7,745
46,6,7,874
46,7,7,1032
46,8,7,1026
46,9,7,971
46,10,7,1057
46,11,7,1059
46,12,7,1002
46,13,7,983
46,14,7,988
46,15,7,971
46,16,7,1045
46,17,7,1063
46,18,7,1007
46,19,7,1032
46,20,7,1005
46,21,7,1068
46,22,7,1078
46,23,7,1076
46,24,7,1063
47,1,7,815
47,2,7,792
47,3,7,877
47,4,7,834
47,5,7,814
47,6,7,841
47,7,7,1012
47,8,7,1107
47,9,7,1025
47,10,7,1022
47,11,7,1067
47,12,7,1079
47,13,7,1047
47,14,7,999
47,15,7,1058
47,16,7,1063
47,17,7,1012
47,18,7,1081
47,19,7,1010
47,20,7,1063
47,21,7,965
47,22,7,1024
47,23,7,1059
47,24,7,1034
48,1,7,789
48,2,7,749
48,3,7,821
48,4,7,766
48,5,7,758
48,6,7,841
48,7,7,1026
48,8,7,971
48,9,7,1020
48,10,7,966
48,11,7,968
48,12,7,1029
48,13,7,1016
48,14,7,1003
48,15,7,1005
48,16,7,1012
48,17,7,1093
48,18,7,914
48,19,7,1010
48,20,7,984
48,21,7,1017
48,22,7,982
48,23,7,995
48,24,7,1026
49,1,7,785
49,2,7,719
49,3,7,835
49,4,7,808
49,5,7,807
49,6,7,779
49,7,7,1001
49,8,7,966
49,9,7,933
49,10,7,1019
49,11,7,964
49,12,7,1020
49,13,7,1037
49,14,7,1052
49,15,7,977
49,16,7,1028
49,17,7,1059
49,18,7,1034
49,19,7,1004
49,20,7,1010
49,21,7,1028
49,22,7,1019
49,23,7,1006
49,24,7,1057
50,1,7,730
50,2,7,806
50,3,7,780
50,4,7,778
50,5,7,779
50,6,7,791
50,7,7,959
50,8,7,931
50,9,7,961
50,10,7,1008
50,11,7,983
50,12,7,998
50,13,7,979
50,14,7,1042
50,15,7,997
50,16,7,1018
50,17,7,993
50,18,7,1042
50,19,7,974
50,20,7,939
50,21,7,1018
50,22,7,1001
50,23,7,974
50,24,7,1043
51,1,13,855
51,2,13,865
51,3,13,840
51,4,13,868
51,5,13,769
51,6,13,870
51,7,13,813
51,8,13,840
51,9,13,835
51,10,13,786
51,11,13,807
51,12,13,873
51,13,13,965
51,14,13,985
51,15,13,981
51,16,13,947
51,17,13,1023
51,18,13,1047
51,19,13,933
51,20,13,1016
51,21,13,1039
51,22,13,1002
51,23,13,1008
51,24,13,989
52,1,13,807
52,2,13,806
52,3,13,765
52,4,13,808
52,5,13,780
52,6,13,808
52,7,13,769
52,8,13,871
52,9,13,782
52,10,13,799
52,11,13,782
52,12,13,791
52,13,13,952
52,14,13,949
52,15,13,892
52,16,13,986
52,17,13,974
52,18,13,960
52,19,13,911
52,20,13,945
52,21,13,992
52,22,13,955
52,23,13,1008
52,24,13,944
53,1,13,744
53,2,13,811
53,3,13,810
53,4,13,748
53,5,13,717
53,6,13,789
53,7,13,786
53,8,13,770
53,9,13,775
53,10,13,764
53,11,13,676
53,12,13,790
53,13,13,924
53,14,13,967
53,15,13,871
53,16,13,925
53,17,13,923
53,18,13,941
53,19,13,944
53,20,13,896
53,21,13,938
53,22,13,930
53,23,13,963
53,24,13,963
54,1,13,796
54,2,13,837
54,3,13,783
54,4,13,862
54,5,13,820
54,6,13,760
54,7,13,832
54,8,13,848
54,9,13,821
54,10,13,792
54,11,13,804
54,12,13,837
54,13,13,930
54,14,13,909
54,15,13,930
54,16,13,969
54,17,13,964
54,18,13,900
54,19,13,995
54,20,13,941
54,21,13,941
54,22,13,981
54,23,13,963
54,24,13,960
55,1,13,825
55,2,13,762
55,3,13,807
55,4,13,789
55,5,13,733
55,6,13,801
55,7,13,806
55,8,13,771
55,9,13,742
55,10,13,793
55,11,13,834
55,12,13,770
55,13,13,955
55,14,13,936
55,15,13,976
55,16,13,952
55,17,13,904
55,18,13,957
55,19,13,986
55,20,13,939
55,21,13,975
55,22,13,965
55,23,13,958
55,24,13,951
56,1,13,732
56,2,13,753
56,3,13,790
56,4,13,815
56,5,13,796
56,6,13,776
56,7,13,811
56,8,13,760
56,9,13,784
56,10,13,772
56,11,13,792
56,12,13,768
56,13,13,955
56,14,13,923
56,15,13,917
56,16,13,944
56,17,13,971
56,18,13,915
56,19,13,926
56,20,13,1015
56,21,13,924
56,22,13,990
56,23,13,948
56,24,13,958
57,1,13,779
57,2,13,799
57,3,13,833
57,4,13,804
57,5,13,794
57,6,13,760
57,7,13,788
57,8,13,743
57,9,13,791
57,10,13,815
57,11,13,795
57,12,13,746
57,13,13,945
57,14,13,902
57,15,13,932
57,16,13,966
57,17,13,981
57,18,13,911
57,19,13,982
57,20,13,961
57,21,13,940
57,22,13,991
57,23,13,937
57,24,13,976
58,1,13,818
58,2,13,783
58,3,13,794
58,4,13,791
58,5,13,761
58,6,13,848
58,7,13,849
58,8,13,803
58,9,13,783
58,10,13,818
58,11,13,818
58,12,13,842
58,13,13,921
58,14,13,961
58,15,13,992
58,16,13,985
58,17,13,982
58,18,13,971
58,19,13,908
58,20,13,934
58,21,13,953
58,22,13,972
58,23,13,995
58,24,13,997
59,1,13,799
59,2,13,832
59,3,13,835
59,4,13,856
59,5,13,862
59,6,13,805
59,7,13,793
59,8,13,816
59,9,13,778
59,10,13,829
59,11,13,842
59,12,13,822
59,13,13,994
59,14,13,950
59,15,13,971
59,16,13,974
59,17,13,944
59,18,13,959
59,19,13,972
59,20,13,998
59,21,13,1004
59,22,13,984
59,23,13,947
59,24,13,982
60,1,13,859
60,2,13,802
60,3,13,863
60,4,13,869
60,5,13,883
60,6,13,812
60,7,13,851
60,8,13,858
60,9,13,855
60,10,13,732
60,11,13,828
60,12,13,877
60,13,13,1003
60,14,13,966
60,15,13,1029
60,16,13,1070
60,17,13,1022
60,18,13,953
60,19,13,989
60,20,13,1000
60,21,13,1038
60,22,13,1041
60,23,13,1006
60,24,13,997
61,1,13,829
61,2,13,755
61,3,13,778
61,4,13,787
61,5,13,790
61,6,13,749
61,7,13,719
61,8,13,753
61,9,13,752
61,10,13,838
61,11,13,738
61,12,13,842
61,13,13,924
61,14,13,948
61,15,13,936
61,16,13,954
61,17,13,947
61,18,13,932
61,19,13,942
61,20,13,940
61,21,13,887
61,22,13,936
61,23,13,986
61,24,13,989
62,1,13,871
62,2,13,756
62,3,13,788
62,4,13,842
62,5,13,838
62,6,13,764
62,7,13,818
62,8,13,836
62,9,13,803
62,10,13,803
62,11,13,860
62,12,13,802
62,13,13,899
62,14,13,928
62,15,13,928
62,16,13,938
62,17,13,928
62,18,13,994
62,19,13,967
62,20,13,1013
62,21,13,936
62,22,13,964
62,23,13,960
62,24,13,959
63,1,13,845
63,2,13,834
63,3,13,790
63,4,13,782
63,5,13,765
63,6,13,798
63,7,13,791
63,8,13,830
63,9,13,907
63,10,13,805
63,11,13,790
63,12,13,810
63,13,13,943
63,14,13,971
63,15,13,963
63,16,13,968
63,17,13,964
63,18,13,1015
63,19,13,974
63,20,13,943
63,21,13,967
63,22,13,931
63,23,13,966
63,24,13,933
64,1,13,800
64,2,13,838
64,3,13,775
64,4,13,818
64,5,13,788
64,6,13,815
64,7,13,791
64,8,13,868
64,9,13,837
64,10,13,780
64,11,13,829
64,12,13,811
64,13,13,961
64,14,13,952
64,15,13,947
64,16,13,946
64,17,13,957
64,18,13,940
64,19,13,993
64,20,13,869
64,21,13,1034
64,22,13,904
64,23,13,1000
64,24,13,1002
65,1,13,776
65,2,13,764
65,3,13,813
65,4,13,769
65,5,13,821
65,6,13,785
65,7,13,774
65,8,13,774
65,9,13,773
65,10,13,817
65,11,13,733
65,12,13,829
65,13,13,928
65,14,13,945
65,15,13,933
65,16,13,995
65,17,13,959
65,18,13,966
65,19,13,935
65,20,13,917
65,21,13,934
65,22,13,915
65,23,13,942
65,24,13,960
66,1,13,814
66,2,13,798
66,3,13,815
66,4,13,748
66,5,13,748
66,6,13,840
66,7,13,817
66,8,13,831
66,9,13,795
66,10,13,846
66,11,13,776
66,12,13,732
66,13,13,941
66,14,13,934
66,15,13,1017
66,16,13,971
66,17,13,935
66,18,13,982
66,19,13,979
66,20,13,1010
66,21,13,1011
66,22,13,921
66,23,13,968
66,24,13,926
67,1,13,781
67,2,13,726
67,3,13,743
67,4,13,748
67,5,13,818
67,6,13,750
67,7,13,764
67,8,13,778
67,9,13,787
67,10,13,751
67,11,13,714
67,12,13,745
67,13,13,1020
67,14,13,959
67,15,13,936
67,16,13,912
67,17,13,891
67,18,13,907
67,19,13,981
67,20,13,912
67,21,13,934
67,22,13,923
67,23,13,946
67,24,13,978
68,1,13,761
68,2,13,798
68,3,13,793
68,4,13,806
68,5,13,799
68,6,13,780
68,7,13,751
68,8,13,820
68,9,13,773
68,10,13,768
68,11,13,807
68,12,13,841
68,13,13,919
68,14,13,977
68,15,13,925
68,16,13,983
68,17,13,984
68,18,13,915
68,19,13,1005
68,20,13,906
68,21,13,977
68,22,13,957
68,23,13,932
68,24,13,981
69,1,13,791
69,2,13,755
69,3,13,768
69,4,13,760
69,5,13,731
69,6,13,764
69,7,13,787
69,8,13,809
69,9,13,734
69,10,13,806
69,11,13,731
69,12,13,769
69,13,13,884
69,14,13,966
69,15,13,917
69,16,13,934
69,17,13,898
69,18,13,941
69,19,13,909
69,20,13,914
69,21,13,926
69,22,13,893
69,23,13,926
69,24,13,971
70,1,13,862
70,2,13,754
70,3,13,849
70,4,13,854
70,5,13,772
70,6,13,829
70,7,13,771
70,8,13,837
70,9,13,767
70,10,13,795
70,11,13,807
70,12,13,798
70,13,13,982
70,14,13,893
70,15,13,998
70,16,13,972
70,17,13,920
70,18,13,977
70,19,13,971
70,20,13,989
70,21,13,983
70,22,13,944
70,23,13,998
70,24,13,1003
71,1,13,784
71,2,13,761
71,3,13,752
71,4,13,800
71,5,13,715
71,6,13,814
71,7,13,763
71,8,13,814
71,9,13,831
71,10,13,786
71,11,13,781
71,12,13,789
71,13,13,995
71,14,13,962
71,15,13,954
71,16,13,941
71,17,13,925
71,18,13,968
71,19,13,942
71,20,13,945
71,21,13,964
71,22,13,978
71,23,13,950
71,24,13,965
72,1,13,876
72,2,13,885
72,3,13,837
72,4,13,859
72,5,13,807
72,6,13,823
72,7,13,853
72,8,13,873
72,9,13,830
72,10,13,860
72,11,13,812
72,12,13,919
72,13,13,1025
72,14,13,980
72,15,13,1028
72,16,13,985
72,17,13,1041
72,18,13,1025
72,19,13,1071
72,20,13,980
72,21,13,987
72,22,13,1012
72,23,13,1042
72,24,13,1012
73,1,13,785
73,2,13,760
73,3,13,735
73,4,13,828
73,5,13,814
73,6,13,810
73,7,13,799
73,8,13,750
73,9,13,800
73,10,13,786
73,11,13,805
73,12,13,749
73,13,13,992
73,14,13,958
73,15,13,925
73,16,13,906
73,17,13,923
73,18,13,972
73,19,13,982
73,20,13,929
73,21,13,984
73,22,13,936
73,23,13,999
73,24,13,939
74,1,13,799
74,2,13,718
74,3,13,857
74,4,13,820
74,5,13,770
74,6,13,772
74,7,13,798
74,8,13,844
74,9,13,743
74,10,13,761
74,11,13,761
74,12,13,849
74,13,13,978
74,14,13,962
74,15,13,930
74,16,13,930
74,17,13,929
74,18,13,909
74,19,13,886
74,20,13,1005
74,21,13,964
74,22,13,965
74,23,13,933
74,24,13,902
75,1,13,826
75,2,13,763
75,3,13,783
75,4,13,777
75,5,13,745
75,6,13,795
75,7,13,779
75,8,13,765
75,9,13,799
75,10,13,774
75,11,13,804
75,12,13,889
75,13,13,905
75,14,13,954
75,15,13,909
75,16,13,921
75,17,13,937
75,18,13,963
75,19,13,965
75,20,13,935
75,21,13,968
75,22,13,971
75,23,13,924
75,24,13,924
76,1,13,799
76,2,13,800
76,3,13,768
76,4,13,849
76,5,13,824
76,6,13,889
76,7,13,769
76,8,13,808
76,9,13,786
76,10,13,869
76,11,13,774
76,12,13,765
76,13,13,970
76,14,13,909
76,15,13,917
76,16,13,1002
76,17,13,955
76,18,13,872
76,19,13,929
76,20,13,912
76,21,13,974
76,22,13,978
76,23,13,913
76,24,13,978
77,1,13,769
77,2,13,790
77,3,13,808
77,4,13,770
77,5,13,750
77,6,13,764
77,7,13,789
77,8,13,765
77,9,13,744
77,10,13,773
77,11,13,798
77,12,13,769
77,13,13,963
77,14,13,917
77,15,13,925
77,16,13,970
77,17,13,934
77,18,13,983
77,19,13,971
77,20,13,898
77,21,13,927
77,22,13,962
77,23,13,931
77,24,13,909
78,1,13,770
78,2,13,775
78,3,13,774
78,4,13,775
78,5,13,791
78,6,13,861
78,7,13,804
78,8,13,752
78,9,13,823
78,10,13,842
78,11,13,768
78,12,13,831
78,13,13,961
78,14,13,936
78,15,13,983
78,16,13,967
78,17,13,1015
78,18,13,957
78,19,13,948
78,20,13,943
78,21,13,1014
78,22,13,922
78,23,13,967
78,24,13,1006
79,1,13,838
79,2,13,738
79,3,13,727
79,4,13,791
79,5,13,709
79,6,13,774
79,7,13,750
79,8,13,768
79,9,13,766
79,10,13,691
79,11,13,754
79,12,13,777
79,13,13,893
79,14,13,868
79,15,13,923
79,16,13,883
79,17,13,916
79,18,13,892
79,19,13,914
79,20,13,875
79,21,13,902
79,22,13,932
79,23,13,839
79,24,13,930
80,1,13,875
80,2,13,827
80,3,13,882
80,4,13,858
80,5,13,857
80,6,13,838
80,7,13,891
80,8,13,830
80,9,13,800
80,10,13,835
80,11,13,821
80,12,13,819
80,13,13,997
80,14,13,979
80,15,13,1023
80,16,13,1004
80,17,13,996
80,18,13,989
80,19,13,984
80,20,13,949
80,21,13,909
80,22,13,978
80,23,13,959
80,24,13,973
81,1,13,804
81,2,13,809
81,3,13,803
81,4,13,831
81,5,13,849
81,6,13,844
81,7,13,835
81,8,13,830
81,9,13,787
81,10,13,789
81,11,13,857
81,12,13,858
81,13,13,949
81,14,13,969
81,15,13,946
81,16,13,984
81,17,13,987
81,18,13,944
81,19,13,1002
81,20,13,936
81,21,13,958
81,22,13,969
81,23,13,992
81,24,13,986
82,1,13,774
82,2,13,718
82,3,13,781
82,4,13,814
82,5,13,792
82,6,13,762
82,7,13,770
82,8,13,769
82,9,13,746
82,10,13,767
82,11,13,745
82,12,13,769
82,13,13,905
82,14,13,920
82,15,13,921
82,16,13,919
82,17,13,962
82,18,13,948
82,19,13,872
82,20,13,932
82,21,13,866
82,22,13,906
82,23,13,945
82,24,13,922
83,1,13,861
83,2,13,853
83,3,13,902
83,4,13,818
83,5,13,811
83,6,13,875
83,7,13,849
83,8,13,853
83,9,13,848
83,10,13,889
83,11,13,833
83,12,13,839
83,13,13,1034
83,14,13,1011
83,15,13,976
83,16,13,977
83,17,13,1004
83,18,13,1008
83,19,13,943
83,20,13,984
83,21,13,1067
83,22,13,963
83,23,13,1014
83,24,13,987
84,1,13,850
84,2,13,757
84,3,13,771
84,4,13,817
84,5,13,744
84,6,13,807
84,7,13,847
84,8,13,779
84,9,13,745
84,10,13,763
84,11,13,747
84,12,13,801
84,13,13,962
84,14,13,895
84,15,13,922
84,16,13,890
84,17,13,962
84,18,13,1007
84,19,13,937
84,20,13,947
84,21,13,940
84,22,13,940
84,23,13,914
84,24,13,960
85,1,13,845
85,2,13,892
85,3,13,826
85,4,13,812
85,5,13,779
85,6,13,822
85,7,13,799
85,8,13,808
85,9,13,752
85,10,13,764
85,11,13,831
85,12,13,877
85,13,13,949
85,14,13,961
85,15,13,967
85,16,13,985
85,17,13,1006
85,18,13,894
85,19,13,1008
85,20,13,926
85,21,13,986
85,22,13,996
85,23,13,962
85,24,13,959
86,1,13,792
86,2,13,781
86,3,13,832
86,4,13,816
86,5,13,792
86,6,13,818
86,7,13,846
86,8,13,785
86,9,13,735
86,10,13,817
86,11,13,757
86,12,13,826
86,13,13,1006
86,14,13,943
86,15,13,983
86,16,13,973
86,17,13,964
86,18,13,958
86,19,13,959
86,20,13,958
86,21,13,977
86,22,13,983
86,23,13,984
86,24,13,970
87,1,13,764
87,2,13,757
87,3,13,757
87,4,13,783
87,5,13,771
87,6,13,810
87,7,13,811
87,8,13,794
87,9,13,795
87,10,13,784
87,11,13,795
87,12,13,795
87,13,13,1009
87,14,13,947
87,15,13,930
87,16,13,979
87,17,13,996
87,18,13,987
87,19,13,937
87,20,13,937
87,21,13,983
87,22,13,972
87,23,13,1006
87,24,13,965
88,1,13,849
88,2,13,791
88,3,13,866
88,4,13,811
88,5,13,797
88,6,13,791
88,7,13,873
88,8,13,824
88,9,13,826
88,10,13,894
88,11,13,793
88,12,13,899
88,13,13,1003
88,14,13,1027
88,15,13,1038
88,16,13,1012
88,17,13,979
88,18,13,953
88,19,13,1045
88,20,13,988
88,21,13,1008
88,22,13,977
88,23,13,1025
88,24,13,987
89,1,13,873
89,2,13,861
89,3,13,902
89,4,13,890
89,5,13,834
89,6,13,880
89,7,13,859
89,8,13,828
89,9,13,839
89,10,13,863
89,11,13,833
89,12,13,870
89,13,13,993
89,14,13,1033
89,15,13,1004
89,16,13,982
89,17,13,979
89,18,13,984
89,19,13,973
89,20,13,1054
89,21,13,993
89,22,13,967
89,23,13,1005
89,24,13,1009
90,1,13,824
90,2,13,778
90,3,13,842
90,4,13,807
90,5,13,813
90,6,13,828
90,7,13,809
90,8,13,767
90,9,13,804
90,10,13,807
90,11,13,734
90,12,13,773
90,13,13,939
90,14,13,862
90,15,13,944
90,16,13,911
90,17,13,944
90,18,13,952
90,19,13,948
90,20,13,972
90,21,13,977
90,22,13,913
90,23,13,958
90,24,13,958
91,1,13,789
91,2,13,796
91,3,13,772
91,4,13,810
91,5,13,769
91,6,13,797
91,7,13,801
91,8,13,784
91,9,13,777
91,10,13,794
91,11,13,742
91,12,13,807
91,13,13,904
91,14,13,949
91,15,13,925
91,16,13,970
91,17,13,960
91,18,13,1003
91,19,13,956
91,20,13,895
91,21,13,966
91,22,13,985
91,23,13,963
91,24,13,935
92,1,13,801
92,2,13,786
92,3,13,775
92,4,13,811
92,5,13,764
92,6,13,813
92,7,13,783
92,8,13,756
92,9,13,777
92,10,13,802
92,11,13,806
92,12,13,837
92,13,13,947
92,14,13,905
92,15,13,915
92,16,13,928
92,17,13,873
92,18,13,982
92,19,13,954
92,20,13,959
92,21,13,892
92,22,13,920
92,23,13,966
92,24,13,899
93,1,13,779
93,2,13,782
93,3,13,787
93,4,13,821
93,5,13,771
93,6,13,765
93,7,13,796
93,8,13,858
93,9,13,771
93,10,13,820
93,11,13,786
93,12,13,833
93,13,13,907
93,14,13,894
93,15,13,971
93,16,13,985
93,17,13,928
93,18,13,929
93,19,13,1015
93,20,13,963
93,21,13,982
93,22,13,957
93,23,13,935
93,24,13,997
94,1,13,744
94,2,13,816
94,3,13,796
94,4,13,810
94,5,13,767
94,6,13,852
94,7,13,783
94,8,13,761
94,9,13,810
94,10,13,822
94,11,13,828
94,12,13,783
94,13,13,954
94,14,13,987
94,15,13,1023
94,16,13,1033
94,17,13,943
94,18,13,965
94,19,13,970
94,20,13,943
94,21,13,944
94,22,13,983
94,23,13,919
94,24,13,1031
95,1,13,819
95,2,13,784
95,3,13,787
95,4,13,811
95,5,13,767
95,6,13,769
95,7,13,769
95,8,13,786
95,9,13,822
95,10,13,812
95,11,13,796
95,12,13,829
95,13,13,943
95,14,13,881
95,15,13,937
95,16,13,959
95,17,13,909
95,18,13,917
95,19,13,1003
95,20,13,900
95,21,13,986
95,22,13,936
95,23,13,943
95,24,13,986
96,1,13,806
96,2,13,836
96,3,13,838
96,4,13,826
96,5,13,785
96,6,13,900
96,7,13,839
96,8,13,832
96,9,13,767
96,10,13,832
96,11,13,778
96,12,13,861
96,13,13,935
96,14,13,955
96,15,13,949
96,16,13,977
96,17,13,1024
96,18,13,986
96,19,13,946
96,20,13,981
96,21,13,941
96,22,13,962
96,23,13,992
96,24,13,1001
97,1,13,773
97,2,13,831
97,3,13,804
97,4,13,831
97,5,13,841
97,6,13,787
97,7,13,789
97,8,13,793
97,9,13,796
97,10,13,757
97,11,13,786
97,12,13,760
97,13,13,947
97,14,13,924
97,15,13,968
97,16,13,967
97,17,13,944
97,18,13,960
97,19,13,892
97,20,13,962
97,21,13,942
97,22,13,963
97,23,13,965
97,24,13,1018
98,1,13,745
98,2,13,797
98,3,13,749
98,4,13,750
98,5,13,731
98,6,13,854
98,7,13,809
98,8,13,763
98,9,13,755
98,10,13,771
98,11,13,770
98,12,13,797
98,13,13,906
98,14,13,903
98,15,13,957
98,16,13,954
98,17,13,908
98,18,13,876
98,19,13,967
98,20,13,913
98,21,13,954
98,22,13,876
98,23,13,917
98,24,13,978
99,1,13,777
99,2,13,836
99,3,13,876
99,4,13,818
99,5,13,815
99,6,13,780
99,7,13,797
99,8,13,759
99,9,13,726
99,10,13,845
99,11,13,753
99,12,13,716
99,13,13,913
99,14,13,957
99,15,13,958
99,16,13,1022
99,17,13,940
99,18,13,915
99,19,13,932
99,20,13,930
99,21,13,906
99,22,13,983
99,23,13,1013
99,24,13,953
100,1,13,805
100,2,13,856
100,3,13,768
100,4,13,782
100,5,13,786
100,6,13,799
100,7,13,791
100,8,13,709
100,9,13,778
100,10,13,838
100,11,13,767
100,12,13,808
100,13,13,972
100,14,13,959
100,15,13,952
100,16,13,978
100,17,13,976
100,18,13,950
100,19,13,942
100,20,13,938
100,21,13,963
100,22,13,941
100,23,13,933
100,24,13,971
101,1,19,727
101,2,19,819
101,3,19,834
101,4,19,835
101,5,19,804
101,6,19,769
101,7,19,880
101,8,19,833
101,9,19,733
101,10,19,821
101,11,19,787
101,12,19,852
101,13,19,829
101,14,19,810
101,15,19,828
101,16,19,847
101,17,19,798
101,18,19,874
101,19,19,873
101,20,19,925
101,21,19,896
101,22,19,918
101,23,19,923
101,24,19,900
102,1,19,792
102,2,19,756
102,3,19,786
102,4,19,763
102,5,19,752
102,6,19,832
102,7,19,805
102,8,19,759
102,9,19,791
102,10,19,825
102,11,19,730
102,12,19,780
102,13,19,752
102,14,19,797
102,15,19,783
102,16,19,771
102,17,19,772
102,18,19,781
102,19,19,874
102,20,19,884
102,21,19,870
102,22,19,869
102,23,19,901
102,24,19,884
103,1,19,781
103,2,19,792
103,3,19,776
103,4,19,792
103,5,19,834
103,6,19,741
103,7,19,716
103,8,19,751
103,9,19,817
103,10,19,748
103,11,19,793
103,12,19,758
103,13,19,784
103,14,19,730
103,15,19,830
103,16,19,786
103,17,19,812
103,18,19,764
103,19,19,893
103,20,19,867
103,21,19,906
103,22,19,906
103,23,19,915
103,24,19,877
104,1,19,869
104,2,19,849
104,3,19,814
104,4,19,859
104,5,19,823
104,6,19,815
104,7,19,769
104,8,19,798
104,9,19,846
104,10,19,859
104,11,19,845
104,12,19,757
104,13,19,846
104,14,19,789
104,15,19,807
104,16,19,854
104,17,19,816
104,18,19,845
104,19,19,897
104,20,19,934
104,21,19,947
104,22,19,860
104,23,19,958
104,24,19,960
105,1,19,785
105,2,19,772
105,3,19,763
105,4,19,823
105,5,19,753
105,6,19,810
105,7,19,819
105,8,19,777
105,9,19,794
105,10,19,762
105,11,19,761
105,12,19,774
105,13,19,792
105,14,19,797
105,15,19,795
105,16,19,790
105,17,19,753
105,18,19,792
105,19,19,898
105,20,19,954
105,21,19,881
105,22,19,910
105,23,19,875
105,24,19,890
106,1,19,767
106,2,19,797
106,3,19,861
106,4,19,805
106,5,19,776
106,6,19,814
106,7,19,792
106,8,19,848
106,9,19,766
106,10,19,816
106,11,19,786
106,12,19,818
106,13,19,786
106,14,19,836
106,15,19,835
106,16,19,774
106,17,19,758
106,18,19,821
106,19,19,899
106,20,19,943
106,21,19,909
106,22,19,878
106,23,19,879
106,24,19,971
107,1,19,798
107,2,19,817
107,3,19,819
107,4,19,867
107,5,19,800
107,6,19,791
107,7,19,818
107,8,19,788
107,9,19,809
107,10,19,861
107,11,19,800
107,12,19,800
107,13,19,836
107,14,19,856
107,15,19,908
107,16,19,865
107,17,19,808
107,18,19,807
107,19,19,905
107,20,19,905
107,21,19,971
107,22,19,877
107,23,19,900
107,24,19,966
108,1,19,838
108,2,19,804
108,3,19,827
108,4,19,858
108,5,19,757
108,6,19,772
108,7,19,782
108,8,19,803
108,9,19,828
108,10,19,813
108,11,19,800
108,12,19,813
108,13,19,792
108,14,19,855
108,15,19,845
108,16,19,826
108,17,19,824
108,18,19,833
108,19,19,941
108,20,19,947
108,21,19,943
108,22,19,903
108,23,19,939
108,24,19,936
109,1,19,767
109,2,19,720
109,3,19,762
109,4,19,798
109,5,19,806
109,6,19,768
109,7,19,773
109,8,19,759
109,9,19,773
109,10,19,800
109,11,19,836
109,12,19,762
109,13,19,786
109,14,19,748
109,15,19,798
109,16,19,754
109,17,19,776
109,18,19,824
109,19,19,867
109,20,19,886
109,21,19,892
109,22,19,860
109,23,19,870
109,24,19,862
110,1,19,782
110,2,19,761
110,3,19,822
110,4,19,802
110,5,19,817
110,6,19,858
110,7,19,783
110,8,19,810
110,9,19,832
110,10,19,820
110,11,19,812
110,12,19,847
110,13,19,768
110,14,19,802
110,15,19,815
110,16,19,861
110,17,19,806
110,18,19,818
110,19,19,935
110,20,19,902
110,21,19,943
110,22,19,873
110,23,19,899
110,24,19,905
111,1,19,783
111,2,19,798
111,3,19,831
111,4,19,771
111,5,19,723
111,6,19,797
111,7,19,806
111,8,19,704
111,9,19,784
111,10,19,805
111,11,19,818
111,12,19,823
111,13,19,758
111,14,19,791
111,15,19,760
111,16,19,776
111,17,19,829
111,18,19,813
111,19,19,867
111,20,19,865
111,21,19,892
111,22,19,920
111,23,19,928
111,24,19,914
112,1,19,783
112,2,19,813
112,3,19,808
112,4,19,776
112,5,19,749
112,6,19,761
112,7,19,790
112,8,19,826
112,9,19,749
112,10,19,774
112,11,19,758
112,12,19,758
112,13,19,822
112,14,19,756
112,15,19,804
112,16,19,822
112,17,19,801
112,18,19,805
112,19,19,900
112,20,19,850
112,21,19,885
112,22,19,919
112,23,19,893
112,24,19,825
113,1,19,739
113,2,19,761
113,3,19,801
113,4,19,790
113,5,19,774
113,6,19,757
113,7,19,756
113,8,19,769
113,9,19,674
113,10,19,763
113,11,19,749
113,12,19,800
113,13,19,790
113,14,19,789
113,15,19,766
113,16,19,808
113,17,19,865
113,18,19,751
113,19,19,836
113,20,19,855
113,21,19,849
113,22,19,927
113,23,19,873
113,24,19,888
114,1,19,795
114,2,19,751
114,3,19,803
114,4,19,752
114,5,19,759
114,6,19,790
114,7,19,817
114,8,19,792
114,9,19,749
114,10,19,754
114,11,19,748
114,12,19,799
114,13,19,840
114,14,19,761
114,15,19,837
114,16,19,789
114,17,19,740
114,18,19,817
114,19,19,895
114,20,19,868
114,21,19,875
114,22,19,868
114,23,19,865
114,24,19,933
115,1,19,751
115,2,19,789
115,3,19,774
115,4,19,808
115,5,19,701
115,6,19,708
115,7,19,754
115,8,19,767
115,9,19,774
115,10,19,694
115,11,19,758
115,12,19,851
115,13,19,763
115,14,19,725
115,15,19,736
115,16,19,755
115,17,19,758
115,18,19,757
115,19,19,862
115,20,19,895
115,21,19,833
115,22,19,854
115,23,19,829
115,24,19,871
116,1,19,767
116,2,19,763
116,3,19,802
116,4,19,781
116,5,19,733
116,6,19,823
116,7,19,793
116,8,19,777
116,9,19,777
116,10,19,763
116,11,19,745
116,12,19,794
116,13,19,752
116,14,19,745
116,15,19,744
116,16,19,818
116,17,19,710
116,18,19,676
116,19,19,877
116,20,19,826
116,21,19,811
116,22,19,852
116,23,19,884
116,24,19,888
117,1,19,807
117,2,19,809
117,3,19,824
117,4,19,869
117,5,19,815
117,6,19,772
117,7,19,815
117,8,19,826
117,9,19,793
117,10,19,818
117,11,19,811
117,12,19,832
117,13,19,847
117,14,19,758
117,15,19,862
117,16,19,841
117,17,19,749
117,18,19,779
117,19,19,910
117,20,19,951
117,21,19,919
117,22,19,863
117,23,19,860
117,24,19,909
118,1,19,805
118,2,19,770
118,3,19,827
118,4,19,809
118,5,19,818
118,6,19,864
118,7,19,816
118,8,19,856
118,9,19,824
118,10,19,801
118,11,19,796
118,12,19,830
118,13,19,837
118,14,19,817
118,15,19,762
118,16,19,846
118,17,19,783
118,18,19,753
118,19,19,910
118,20,19,930
118,21,19,864
118,22,19,918
118,23,19,917
118,24,19,872
119,1,19,753
119,2,19,762
119,3,19,757
119,4,19,788
119,5,19,781
119,6,19,784
119,7,19,705
119,8,19,750
119,9,19,755
119,10,19,773
119,11,19,790
119,12,19,785
119,13,19,770
119,14,19,788
119,15,19,798
119,16,19,813
119,17,19,733
119,18,19,771
119,19,19,869
119,20,19,878
119,21,19,837
119,22,19,801
119,23,19,871
119,24,19,919
120,1,19,832
120,2,19,794
120,3,19,824
120,4,19,846
120,5,19,849
120,6,19,858
120,7,19,789
120,8,19,835
120,9,19,823
120,10,19,859
120,11,19,845
120,12,19,838
120,13,19,756
120,14,19,865
120,15,19,783
120,16,19,806
120,17,19,818
120,18,19,776
120,19,19,884
120,20,19,879
120,21,19,935
120,22,19,960
120,23,19,939
120,24,19,942
121,1,19,739
121,2,19,832
121,3,19,775
121,4,19,829
121,5,19,752
121,6,19,797
121,7,19,753
121,8,19,719
121,9,19,769
121,10,19,744
121,11,19,771
121,12,19,781
121,13,19,716
121,14,19,739
121,15,19,744
121,16,19,721
121,17,19,763
121,18,19,775
121,19,19,832
121,20,19,868
121,21,19,880
121,22,19,830
121,23,19,897
121,24,19,887
122,1,19,834
122,2,19,802
122,3,19,807
122,4,19,833
122,5,19,760
122,6,19,841
122,7,19,794
122,8,19,812
122,9,19,779
122,10,19,827
122,11,19,777
122,12,19,819
122,13,19,770
122,14,19,868
122,15,19,857
122,16,19,837
122,17,19,761
122,18,19,852
122,19,19,929
122,20,19,878
122,21,19,902
122,22,19,902
122,23,19,920
122,24,19,930
123,1,19,838
123,2,19,838
123,3,19,826
123,4,19,890
123,5,19,817
123,6,19,768
123,7,19,853
123,8,19,851
123,9,19,802
123,10,19,820
123,11,19,783
123,12,19,806
123,13,19,860
123,14,19,792
123,15,19,814
123,16,19,843
123,17,19,830
123,18,19,809
123,19,19,912
123,20,19,885
123,21,19,869
123,22,19,915
123,23,19,921
123,24,19,909
124,1,19,780
124,2,19,748
124,3,19,746
124,4,19,819
124,5,19,772
124,6,19,799
124,7,19,754
124,8,19,789
124,9,19,801
124,10,19,785
124,11,19,754
124,12,19,779
124,13,19,796
124,14,19,759
124,15,19,752
124,16,19,763
124,17,19,782
124,18,19,751
124,19,19,821
124,20,19,850
124,21,19,912
124,22,19,860
124,23,19,921
124,24,19,897
125,1,19,849
125,2,19,763
125,3,19,793
125,4,19,817
125,5,19,746
125,6,19,826
125,7,19,814
125,8,19,778
125,9,19,799
125,10,19,839
125,11,19,832
125,12,19,857
125,13,19,845
125,14,19,822
125,15,19,755
125,16,19,825
125,17,19,791
125,18,19,874
125,19,19,963
125,20,19,946
125,21,19,981
125,22,19,943
125,23,19,953
125,24,19,974
126,1,19,801
126,2,19,805
126,3,19,859
126,4,19,817
126,5,19,799
126,6,19,773
126,7,19,780
126,8,19,815
126,9,19,814
126,10,19,807
126,11,19,862
126,12,19,816
126,13,19,803
126,14,19,812
126,15,19,870
126,16,19,894
126,17,19,750
126,18,19,842
126,19,19,894
126,20,19,888
126,21,19,909
126,22,19,886
126,23,19,923
126,24,19,956
127,1,19,739
127,2,19,816
127,3,19,765
127,4,19,792
127,5,19,717
127,6,19,773
127,7,19,803
127,8,19,715
127,9,19,734
127,10,19,807
127,11,19,724
127,12,19,738
127,13,19,768
127,14,19,731
127,15,19,788
127,16,19,764
127,17,19,734
127,18,19,816
127,19,19,912
127,20,19,786
127,21,19,861
127,22,19,866
127,23,19,873
127,24,19,864
128,1,19,802
128,2,19,838
128,3,19,812
128,4,19,794
128,5,19,832
128,6,19,815
128,7,19,803
128,8,19,828
128,9,19,798
128,10,19,780
128,11,19,800
128,12,19,812
128,13,19,802
128,14,19,786
128,15,19,742
128,16,19,817
128,17,19,764
128,18,19,802
128,19,19,923
128,20,19,902
128,21,19,892
128,22,19,900
128,23,19,912
128,24,19,874
129,1,19,842
129,2,19,796
129,3,19,789
129,4,19,853
129,5,19,827
129,6,19,796
129,7,19,794
129,8,19,810
129,9,19,809
129,10,19,735
129,11,19,812
129,12,19,792
129,13,19,809
129,14,19,735
129,15,19,785
129,16,19,731
129,17,19,775
129,18,19,825
129,19,19,916
129,20,19,880
129,21,19,901
129,22,19,958
129,23,19,911
129,24,19,883
130,1,19,796
130,2,19,804
130,3,19,811
130,4,19,770
130,5,19,750
130,6,19,792
130,7,19,812
130,8,19,823
130,9,19,771
130,10,19,774
130,11,19,746
130,12,19,821
130,13,19,772
130,14,19,741
130,15,19,763
130,16,19,774
130,17,19,791
130,18,19,803
130,19,19,884
130,20,19,834
130,21,19,867
130,22,19,876
130,23,19,956
130,24,19,873
131,1,19,807
131,2,19,794
131,3,19,821
131,4,19,893
131,5,19,781
131,6,19,801
131,7,19,803
131,8,19,841
131,9,19,793
131,10,19,849
131,11,19,788
131,12,19,783
131,13,19,857
131,14,19,854
131,15,19,799
131,16,19,779
131,17,19,829
131,18,19,778
131,19,19,919
131,20,19,917
131,21,19,878
131,22,19,925
131,23,19,914
131,24,19,927
132,1,19,749
132,2,19,759
132,3,19,803
132,4,19,773
132,5,19,759
132,6,19,796
132,7,19,800
132,8,19,780
132,9,19,836
132,10,19,825
132,11,19,792
132,12,19,793
132,13,19,790
132,14,19,807
132,15,19,780
132,16,19,763
132,17,19,790
132,18,19,773
132,19,19,891
132,20,19,927
132,21,19,925
132,22,19,856
132,23,19,858
132,24,19,855
133,1,19,781
133,2,19,799
133,3,19,838
133,4,19,886
133,5,19,781
133,6,19,806
133,7,19,783
133,8,19,789
133,9,19,757
133,10,19,869
133,11,19,833
133,12,19,812
133,13,19,823
133,14,19,744
133,15,19,805
133,16,19,849
133,17,19,799
133,18,19,799
133,19,19,900
133,20,19,848
133,21,19,891
133,22,19,873
133,23,19,912
133,24,19,918
134,1,19,844
134,2,19,848
134,3,19,881
134,4,19,833
134,5,19,843
134,6,19,864
134,7,19,878
134,8,19,880
134,9,19,839
134,10,19,902
134,11,19,815
134,12,19,858
134,13,19,830
134,14,19,830
134,15,19,832
134,16,19,857
134,17,19,791
134,18,19,828
134,19,19,901
134,20,19,960
134,21,19,958
134,22,19,1000
134,23,19,922
134,24,19,968
135,1,19,809
135,2,19,734
135,3,19,840
135,4,19,805
135,5,19,832
135,6,19,818
135,7,19,857
135,8,19,787
135,9,19,811
135,10,19,812
135,11,19,822
135,12,19,839
135,13,19,782
135,14,19,780
135,15,19,759
135,16,19,820
135,17,19,843
135,18,19,786
135,19,19,917
135,20,19,934
135,21,19,911
135,22,19,936
135,23,19,988
135,24,19,904
136,1,19,844
136,2,19,779
136,3,19,870
136,4,19,815
136,5,19,797
136,6,19,813
136,7,19,848
136,8,19,835
136,9,19,805
136,10,19,822
136,11,19,841
136,12,19,840
136,13,19,844
136,14,19,771
136,15,19,800
136,16,19,847
136,17,19,822
136,18,19,861
136,19,19,945
136,20,19,887
136,21,19,946
136,22,19,890
136,23,19,919
136,24,19,891
137,1,19,825
137,2,19,908
137,3,19,867
137,4,19,822
137,5,19,902
137,6,19,878
137,7,19,827
137,8,19,872
137,9,19,792
137,10,19,863
137,11,19,885
137,12,19,854
137,13,19,828
137,14,19,815
137,15,19,799
137,16,19,822
137,17,19,869
137,18,19,821
137,19,19,985
137,20,19,957
137,21,19,946
137,22,19,890
137,23,19,981
137,24,19,942
138,1,19,873
138,2,19,853
138,3,19,864
138,4,19,837
138,5,19,815
138,6,19,848
138,7,19,824
138,8,19,822
138,9,19,832
138,10,19,860
138,11,19,859
138,12,19,794
138,13,19,878
138,14,19,867
138,15,19,823
138,16,19,914
138,17,19,826
138,18,19,899
138,19,19,965
138,20,19,994
138,21,19,982
138,22,19,946
138,23,19,970
138,24,19,981
139,1,19,843
139,2,19,857
139,3,19,877
139,4,19,852
139,5,19,831
139,6,19,842
139,7,19,874
139,8,19,862
139,9,19,826
139,10,19,829
139,11,19,897
139,12,19,837
139,13,19,856
139,14,19,880
139,15,19,884
139,16,19,867
139,17,19,820
139,18,19,826
139,19,19,917
139,20,19,929
139,21,19,973
139,22,19,909
139,23,19,950
139,24,19,978
140,1,19,888
140,2,19,809
140,3,19,782
140,4,19,812
140,5,19,775
140,6,19,861
140,7,19,825
140,8,19,827
140,9,19,827
140,10,19,876
140,11,19,833
140,12,19,837
140,13,19,860
140,14,19,835
140,15,19,844
140,16,19,794
140,17,19,852
140,18,19,841
140,19,19,952
140,20,19,902
140,21,19,920
140,22,19,904
140,23,19,965
140,24,19,1010
141,1,19,840
141,2,19,773
141,3,19,793
141,4,19,838
141,5,19,802
141,6,19,833
141,7,19,816
141,8,19,816
141,9,19,818
141,10,19,834
141,11,19,732
141,12,19,851
141,13,19,765
141,14,19,827
141,15,19,896
141,16,19,814
141,17,19,809
141,18,19,777
141,19,19,883
141,20,19,913
141,21,19,974
141,22,19,929
141,23,19,935
141,24,19,867
142,1,19,807
142,2,19,805
142,3,19,739
142,4,19,831
142,5,19,730
142,6,19,863
142,7,19,856
142,8,19,833
142,9,19,826
142,10,19,793
142,11,19,800
142,12,19,793
142,13,19,735
142,14,19,812
142,15,19,802
142,16,19,774
142,17,19,828
142,18,19,824
142,19,19,923
142,20,19,833
142,21,19,956
142,22,19,953
142,23,19,921
142,24,19,944
143,1,19,772
143,2,19,777
143,3,19,810
143,4,19,754
143,5,19,733
143,6,19,858
143,7,19,788
143,8,19,774
143,9,19,785
143,10,19,790
143,11,19,786
143,12,19,792
143,13,19,753
143,14,19,736
143,15,19,770
143,16,19,810
143,17,19,764
143,18,19,792
143,19,19,872
143,20,19,965
143,21,19,947
143,22,19,872
143,23,19,869
143,24,19,911
144,1,19,809
144,2,19,837
144,3,19,859
144,4,19,812
144,5,19,786
144,6,19,796
144,7,19,869
144,8,19,817
144,9,19,829
144,10,19,790
144,11,19,796
144,12,19,754
144,13,19,834
144,14,19,827
144,15,19,779
144,16,19,822
144,17,19,795
144,18,19,833
144,19,19,900
144,20,19,874
144,21,19,936
144,22,19,911
144,23,19,920
144,24,19,886
145,1,19,780
145,2,19,833
145,3,19,786
145,4,19,770
145,5,19,808
145,6,19,778
145,7,19,764
145,8,19,798
145,9,19,733
145,10,19,799
145,11,19,740
145,12,19,850
145,13,19,780
145,14,19,806
145,15,19,768
145,16,19,804
145,17,19,764
145,18,19,771
145,19,19,939
145,20,19,881
145,21,19,932
145,22,19,966
145,23,19,927
145,24,19,902
146,1,19,775
146,2,19,862
146,3,19,831
146,4,19,824
146,5,19,774
146,6,19,826
146,7,19,772
146,8,19,831
146,9,19,777
146,10,19,844
146,11,19,798
146,12,19,833
146,13,19,812
146,14,19,806
146,15,19,837
146,16,19,755
146,17,19,831
146,18,19,805
146,19,19,918
146,20,19,862
146,21,19,871
146,22,19,886
146,23,19,880
146,24,19,904
147,1,19,779
147,2,19,777
147,3,19,756
147,4,19,799
147,5,19,786
147,6,19,761
147,7,19,751
147,8,19,835
147,9,19,788
147,10,19,789
147,11,19,798
147,12,19,809
147,13,19,789
147,14,19,779
147,15,19,784
147,16,19,816
147,17,19,821
147,18,19,822
147,19,19,915
147,20,19,857
147,21,19,890
147,22,19,975
147,23,19,956
147,24,19,890
148,1,19,801
148,2,19,787
148,3,19,825
148,4,19,819
148,5,19,743
148,6,19,814
148,7,19,781
148,8,19,813
148,9,19,828
148,10,19,806
148,11,19,776
148,12,19,774
148,13,19,797
148,14,19,802
148,15,19,772
148,16,19,811
148,17,19,771
148,18,19,759
148,19,19,894
148,20,19,920
148,21,19,934
148,22,19,864
148,23,19,907
148,24,19,951
149,1,19,759
149,2,19,737
149,3,19,795
149,4,19,842
149,5,19,804
149,6,19,808
149,7,19,789
149,8,19,768
149,9,19,736
149,10,19,774
149,11,19,791
149,12,19,797
149,13,19,760
149,14,19,795
149,15,19,765
149,16,19,740
149,17,19,785
149,18,19,743
149,19,19,859
149,20,19,853
149,21,19,879
149,22,19,862
149,23,19,863
149,24,19,900
150,1,19,769
150,2,19,742
150,3,19,805
150,4,19,779
150,5,19,780
150,6,19,749
150,7,19,848
150,8,19,806
150,9,19,789
150,10,19,784
150,11,19,775
150,12,19,738
150,13,19,763
150,14,19,772
150,15,19,797
150,16,19,844
150,17,19,753
150,18,19,728
150,19,19,883
150,20,19,871
150,21,19,861
150,22,19,925
150,23,19,909
150,24,19,884
151,1,0,862
151,2,0,857
151,3,0,863
151,4,0,796
151,5,0,812
151,6,0,819
151,7,0,838
151,8,0,845
151,9,0,854
151,10,0,881
151,11,0,886
151,12,0,855
151,13,0,836
151,14,0,867
151,15,0,818
151,16,0,854
151,17,0,853
151,18,0,839
151,19,0,793
151,20,0,815
151,21,0,805
151,22,0,892
151,23,0,854
151,24,0,840
152,1,0,817
152,2,0,828
152,3,0,736
152,4,0,785
152,5,0,747
152,6,0,749
152,7,0,776
152,8,0,815
152,9,0,782
152,10,0,794
152,11,0,771
152,12,0,723
152,13,0,781
152,14,0,753
152,15,0,750
152,16,0,802
152,17,0,788
152,18,0,821
152,19,0,799
152,20,0,775
152,21,0,819
152,22,0,759
152,23,0,758
152,24,0,817
153,1,0,847
153,2,0,846
153,3,0,788
153,4,0,828
153,5,0,810
153,6,0,794
153,7,0,872
153,8,0,808
153,9,0,822
153,10,0,829
153,11,0,794
153,12,0,815
153,13,0,843
153,14,0,863
153,15,0,786
153,16,0,814
153,17,0,827
153,18,0,813
153,19,0,852
153,20,0,835
153,21,0,800
153,22,0,808
153,23,0,839
153,24,0,829
154,1,0,797
154,2,0,809
154,3,0,815
154,4,0,752
154,5,0,762
154,6,0,765
154,7,0,777
154,8,0,844
154,9,0,781
154,10,0,803
154,11,0,801
154,12,0,807
154,13,0,743
154,14,0,825
154,15,0,821
154,16,0,806
154,17,0,772
154,18,0,857
154,19,0,824
154,20,0,771
154,21,0,869
154,22,0,805
154,23,0,819
154,24,0,752
155,1,0,796
155,2,0,823
155,3,0,842
155,4,0,844
155,5,0,792
155,6,0,815
155,7,0,820
155,8,0,831
155,9,0,795
155,10,0,842
155,11,0,910
155,12,0,818
155,13,0,821
155,14,0,745
155,15,0,835
155,16,0,819
155,17,0,900
155,18,0,789
155,19,0,843
155,20,0,796
155,21,0,834
155,22,0,857
155,23,0,826
155,24,0,834
156,1,0,809
156,2,0,782
156,3,0,787
156,4,0,759
156,5,0,761
156,6,0,759
156,7,0,796
156,8,0,814
156,9,0,851
156,10,0,761
156,11,0,819
156,12,0,799
156,13,0,781
156,14,0,800
156,15,0,816
156,16,0,774
156,17,0,783
156,18,0,761
156,19,0,778
156,20,0,788
156,21,0,805
156,22,0,737
156,23,0,740
156,24,0,759
157,1,0,867
157,2,0,805
157,3,0,808
157,4,0,841
157,5,0,786
157,6,0,804
157,7,0,827
157,8,0,838
157,9,0,877
157,10,0,895
157,11,0,886
157,12,0,878
157,13,0,849
157,14,0,834
157,15,0,868
157,16,0,892
157,17,0,850
157,18,0,853
157,19,0,835
157,20,0,815
157,21,0,887
157,22,0,790
157,23,0,888
157,24,0,848
158,1,0,776
158,2,0,779
158,3,0,770
158,4,0,824
158,5,0,766
158,6,0,738
158,7,0,775
158,8,0,764
158,9,0,787
158,10,0,767
158,11,0,779
158,12,0,737
158,13,0,760
158,14,0,760
158,15,0,743
158,16,0,703
158,17,0,787
158,18,0,733
158,19,0,759
158,20,0,760
158,21,0,697
158,22,0,720
158,23,0,757
158,24,0,761
159,1,0,764
159,2,0,765
159,3,0,740
159,4,0,776
159,5,0,803
159,6,0,787
159,7,0,812
159,8,0,815
159,9,0,683
159,10,0,796
159,11,0,799
159,12,0,818
159,13,0,723
159,14,0,833
159,15,0,771
159,16,0,753
159,17,0,782
159,18,0,743
159,19,0,743
159,20,0,801
159,21,0,752
159,22,0,755
159,23,0,775
159,24,0,739
160,1,0,707
160,2,0,828
160,3,0,797
160,4,0,794
160,5,0,788
160,6,0,804
160,7,0,738
160,8,0,751
160,9,0,803
160,10,0,792
160,11,0,776
160,12,0,824
160,13,0,818
160,14,0,832
160,15,0,804
160,16,0,766
160,17,0,820
160,18,0,756
160,19,0,784
160,20,0,781
160,21,0,757
160,22,0,732
160,23,0,790
160,24,0,745
161,1,0,824
161,2,0,850
161,3,0,838
161,4,0,829
161,5,0,807
161,6,0,824
161,7,0,839
161,8,0,889
161,9,0,891
161,10,0,831
161,11,0,878
161,12,0,852
161,13,0,803
161,14,0,795
161,15,0,792
161,16,0,799
161,17,0,799
161,18,0,778
161,19,0,781
161,20,0,785
161,21,0,796
161,22,0,834
161,23,0,832
161,24,0,874
162,1,0,813
162,2,0,813
162,3,0,818
162,4,0,816
162,5,0,798
162,6,0,823
162,7,0,851
162,8,0,793
162,9,0,808
162,10,0,830
162,11,0,851
162,12,0,804
162,13,0,821
162,14,0,796
162,15,0,760
162,16,0,803
162,17,0,839
162,18,0,800
162,19,0,775
162,20,0,771
162,21,0,823
162,22,0,789
162,23,0,739
162,24,0,788
163,1,0,863
163,2,0,795
163,3,0,854
163,4,0,833
163,5,0,792
163,6,0,821
163,7,0,885
163,8,0,822
163,9,0,831
163,10,0,848
163,11,0,814
163,12,0,886
163,13,0,866
163,14,0,823
163,15,0,794
163,16,0,783
163,17,0,834
163,18,0,888
163,19,0,786
163,20,0,901
163,21,0,837
163,22,0,832
163,23,0,837
163,24,0,764
164,1,0,800
164,2,0,793
164,3,0,725
164,4,0,791
164,5,0,787
164,6,0,773
164,7,0,798
164,8,0,780
164,9,0,717
164,10,0,819
164,11,0,766
164,12,0,780
164,13,0,801
164,14,0,768
164,15,0,775
164,16,0,791
164,17,0,760
164,18,0,813
164,19,0,831
164,20,0,763
164,21,0,799
164,22,0,770
164,23,0,714
164,24,0,818
165,1,0,790
165,2,0,799
165,3,0,803
165,4,0,813
165,5,0,789
165,6,0,780
165,7,0,878
165,8,0,868
165,9,0,786
165,10,0,888
165,11,0,812
165,12,0,765
165,13,0,761
165,14,0,841
165,15,0,842
165,16,0,789
165,17,0,824
165,18,0,846
165,19,0,756
165,20,0,826
165,21,0,840
165,22,0,794
165,23,0,800
165,24,0,777
166,1,0,801
166,2,0,776
166,3,0,817
166,4,0,812
166,5,0,751
166,6,0,829
166,7,0,801
166,8,0,797
166,9,0,790
166,10,0,797
166,11,0,824
166,12,0,843
166,13,0,831
166,14,0,786
166,15,0,803
166,16,0,754
166,17,0,807
166,18,0,772
166,19,0,805
166,20,0,753
166,21,0,806
166,22,0,731
166,23,0,772
166,24,0,779
167,1,0,771
167,2,0,758
167,3,0,798
167,4,0,833
167,5,0,787
167,6,0,834
167,7,0,828
167,8,0,819
167,9,0,806
167,10,0,801
167,11,0,786
167,12,0,840
167,13,0,780
167,14,0,829
167,15,0,774
167,16,0,828
167,17,0,810
167,18,0,866
167,19,0,820
167,20,0,805
167,21,0,842
167,22,0,851
167,23,0,713
167,24,0,825
168,1,0,757
168,2,0,784
168,3,0,837
168,4,0,777
168,5,0,781
168,6,0,801
168,7,0,783
168,8,0,777
168,9,0,786
168,10,0,795
168,11,0,764
168,12,0,778
168,13,0,799
168,14,0,786
168,15,0,723
168,16,0,804
168,17,0,778
168,18,0,840
168,19,0,755
168,20,0,738
168,21,0,794
168,22,0,750
168,23,0,757
168,24,0,750
169,1,0,767
169,2,0,769
169,3,0,848
169,4,0,842
169,5,0,761
169,6,0,795
169,7,0,787
169,8,0,805
169,9,0,752
169,10,0,777
169,11,0,820
169,12,0,793
169,13,0,757
169,14,0,801
169,15,0,817
169,16,0,796
169,17,0,781
169,18,0,726
169,19,0,803
169,20,0,757
169,21,0,767
169,22,0,796
169,23,0,821
169,24,0,768
170,1,0,771
170,2,0,861
170,3,0,862
170,4,0,832
170,5,0,789
170,6,0,845
170,7,0,837
170,8,0,762
170,9,0,761
170,10,0,827
170,11,0,838
170,12,0,765
170,13,0,796
170,14,0,803
170,15,0,828
170,16,0,797
170,17,0,772
170,18,0,831
170,19,0,802
170,20,0,807
170,21,0,792
170,22,0,811
170,23,0,807
170,24,0,816
171,1,0,749
171,2,0,840
171,3,0,832
171,4,0,801
171,5,0,774
171,6,0,775
171,7,0,829
171,8,0,840
171,9,0,853
171,10,0,872
171,11,0,794
171,12,0,838
171,13,0,756
171,14,0,849
171,15,0,856
171,16,0,809
171,17,0,829
171,18,0,803
171,19,0,787
171,20,0,812
171,21,0,864
171,22,0,781
171,23,0,804
171,24,0,870
172,1,0,801
172,2,0,771
172,3,0,848
172,4,0,807
172,5,0,827
172,6,0,798
172,7,0,804
172,8,0,818
172,9,0,801
172,10,0,853
172,11,0,856
172,12,0,857
172,13,0,843
172,14,0,800
172,15,0,816
172,16,0,824
172,17,0,855
172,18,0,859
172,19,0,846
172,20,0,846
172,21,0,862
172,22,0,836
172,23,0,823
172,24,0,789
173,1,0,792
173,2,0,808
173,3,0,790
173,4,0,808
173,5,0,806
173,6,0,786
173,7,0,769
173,8,0,803
173,9,0,770
173,10,0,790
173,11,0,756
173,12,0,785
173,13,0,786
173,14,0,792
173,15,0,817
173,16,0,811
173,17,0,808
173,18,0,808
173,19,0,809
173,20,0,798
173,21,0,795
173,22,0,828
173,23,0,767
173,24,0,816
174,1,0,819
174,2,0,765
174,3,0,840
174,4,0,848
174,5,0,778
174,6,0,822
174,7,0,788
174,8,0,821
174,9,0,841
174,10,0,797
174,11,0,771
174,12,0,863
174,13,0,890
174,14,0,770
174,15,0,766
174,16,0,788
174,17,0,771
174,18,0,827
174,19,0,817
174,20,0,823
174,21,0,783
174,22,0,821
174,23,0,828
174,24,0,759
175,1,0,824
175,2,0,839
175,3,0,795
175,4,0,781
175,5,0,818
175,6,0,817
175,7,0,810
175,8,0,855
175,9,0,811
175,10,0,794
175,11,0,747
175,12,0,849
175,13,0,830
175,14,0,797
175,15,0,804
175,16,0,831
175,17,0,765
175,18,0,809
175,19,0,790
175,20,0,797
175,21,0,813
175,22,0,861
175,23,0,753
175,24,0,806
176,1,0,754
176,2,0,761
176,3,0,764
176,4,0,754
176,5,0,777
176,6,0,790
176,7,0,755
176,8,0,797
176,9,0,792
176,10,0,834
176,11,0,740
176,12,0,798
176,13,0,752
176,14,0,747
176,15,0,766
176,16,0,787
176,17,0,679
176,18,0,749
176,19,0,788
176,20,0,739
176,21,0,753
176,22,0,785
176,23,0,747
176,24,0,801
177,1,0,790
177,2,0,810
177,3,0,828
177,4,0,855
177,5,0,792
177,6,0,831
177,7,0,818
177,8,0,812
177,9,0,834
177,10,0,815
177,11,0,852
177,12,0,793
177,13,0,779
177,14,0,774
177,15,0,806
177,16,0,781
177,17,0,782
177,18,0,837
177,19,0,840
177,20,0,794
177,21,0,800
177,22,0,820
177,23,0,816
177,24,0,794
178,1,0,814
178,2,0,758
178,3,0,807
178,4,0,769
178,5,0,765
178,6,0,769
178,7,0,760
178,8,0,815
178,9,0,790
178,10,0,812
178,11,0,833
178,12,0,808
178,13,0,724
178,14,0,869
178,15,0,776
178,16,0,808
178,17,0,754
178,18,0,818
178,19,0,792
178,20,0,818
178,21,0,841
178,22,0,814
178,23,0,805
178,24,0,778
179,1,0,755
179,2,0,833
179,3,0,835
179,4,0,750
179,5,0,745
179,6,0,770
179,7,0,738
179,8,0,794
179,9,0,783
179,10,0,808
179,11,0,759
179,12,0,764
179,13,0,783
179,14,0,756
179,15,0,767
179,16,0,851
179,17,0,761
179,18,0,752
179,19,0,799
179,20,0,766
179,21,0,819
179,22,0,835
179,23,0,816
179,24,0,759
180,1,0,813
180,2,0,775
180,3,0,757
180,4,0,820
180,5,0,800
180,6,0,809
180,7,0,865
180,8,0,775
180,9,0,831
180,10,0,816
180,11,0,812
180,12,0,821
180,13,0,810
180,14,0,807
180,15,0,801
180,16,0,771
180,17,0,802
180,18,0,797
180,19,0,764
180,20,0,741
180,21,0,762
180,22,0,822
180,23,0,814
180,24,0,747
181,1,0,803
181,2,0,781
181,3,0,827
181,4,0,819
181,5,0,806
181,6,0,799
181,7,0,839
181,8,0,821
181,9,0,824
181,10,0,831
181,11,0,806
181,12,0,847
181,13,0,762
181,14,0,772
181,15,0,789
181,16,0,823
181,17,0,794
181,18,0,842
181,19,0,810
181,20,0,811
181,21,0,797
181,22,0,799
181,23,0,795
181,24,0,836
182,1,0,737
182,2,0,868
182,3,0,838
182,4,0,855
182,5,0,802
182,6,0,813
182,7,0,781
182,8,0,814
182,9,0,848
182,10,0,835
182,11,0,786
182,12,0,819
182,13,0,837
182,14,0,786
182,15,0,829
182,16,0,819
182,17,0,816
182,18,0,816
182,19,0,834
182,20,0,810
182,21,0,819
182,22,0,782
182,23,0,795
182,24,0,810
183,1,0,875
183,2,0,849
183,3,0,839
183,4,0,832
183,5,0,784
183,6,0,844
183,7,0,815
183,8,0,797
183,9,0,807
183,10,0,856
183,11,0,853
183,12,0,789
183,13,0,843
183,14,0,822
183,15,0,865
183,16,0,831
183,17,0,832
183,18,0,836
183,19,0,809
183,20,0,804
183,21,0,804
183,22,0,837
183,23,0,826
183,24,0,761
184,1,0,772
184,2,0,799
184,3,0,829
184,4,0,765
184,5,0,769
184,6,0,827
184,7,0,784
184,8,0,746
184,9,0,722
184,10,0,826
184,11,0,775
184,12,0,803
184,13,0,826
184,14,0,799
184,15,0,786
184,16,0,806
184,17,0,789
184,18,0,791
184,19,0,786
184,20,0,735
184,21,0,787
184,22,0,747
184,23,0,822
184,24,0,742
185,1,0,803
185,2,0,783
185,3,0,817
185,4,0,780
185,5,0,781
185,6,0,811
185,7,0,821
185,8,0,828
185,9,0,762
185,10,0,812
185,11,0,853
185,12,0,865
185,13,0,817
185,14,0,890
185,15,0,819
185,16,0,834
185,17,0,782
185,18,0,771
185,19,0,808
185,20,0,804
185,21,0,748
185,22,0,764
185,23,0,886
185,24,0,828
186,1,0,814
186,2,0,804
186,3,0,849
186,4,0,801
186,5,0,782
186,6,0,830
186,7,0,868
186,8,0,810
186,9,0,792
186,10,0,805
186,11,0,841
186,12,0,804
186,13,0,790
186,14,0,791
186,15,0,779
186,16,0,816
186,17,0,817
186,18,0,849
186,19,0,783
186,20,0,766
186,21,0,783
186,22,0,773
186,23,0,778
186,24,0,831
187,1,0,851
187,2,0,842
187,3,0,784
187,4,0,808
187,5,0,797
187,6,0,778
187,7,0,822
187,8,0,841
187,9,0,844
187,10,0,833
187,11,0,786
187,12,0,820
187,13,0,882
187,14,0,822
187,15,0,811
187,16,0,804
187,17,0,865
187,18,0,791
187,19,0,807
187,20,0,824
187,21,0,833
187,22,0,748
187,23,0,822
187,24,0,815
188,1,0,790
188,2,0,812
188,3,0,813
188,4,0,796
188,5,0,789
188,6,0,805
188,7,0,829
188,8,0,832
188,9,0,751
188,10,0,833
188,11,0,790
188,12,0,757
188,13,0,837
188,14,0,812
188,15,0,794
188,16,0,812
188,17,0,797
188,18,0,801
188,19,0,778
188,20,0,744
188,21,0,792
188,22,0,763
188,23,0,765
188,24,0,741
189,1,0,799
189,2,0,779
189,3,0,735
189,4,0,878
189,5,0,749
189,6,0,824
189,7,0,805
189,8,0,830
189,9,0,786
189,10,0,828
189,11,0,739
189,12,0,802
189,13,0,771
189,14,0,824
189,15,0,771
189,16,0,813
189,17,0,797
189,18,0,837
189,19,0,816
189,20,0,836
189,21,0,818
189,22,0,799
189,23,0,879
189,24,0,802
190,1,0,783
190,2,0,735
190,3,0,837
190,4,0,734
190,5,0,774
190,6,0,817
190,7,0,790
190,8,0,829
190,9,0,808
190,10,0,844
190,11,0,792
190,12,0,796
190,13,0,825
190,14,0,817
190,15,0,770
190,16,0,859
190,17,0,810
190,18,0,805
190,19,0,815
190,20,0,751
190,21,0,825
190,22,0,829
190,23,0,765
190,24,0,797
191,1,0,827
191,2,0,762
191,3,0,855
191,4,0,802
191,5,0,825
191,6,0,864
191,7,0,787
191,8,0,841
191,9,0,852
191,10,0,811
191,11,0,847
191,12,0,785
191,13,0,770
191,14,0,837
191,15,0,867
191,16,0,924
191,17,0,849
191,18,0,865
191,19,0,831
191,20,0,780
191,21,0,783
191,22,0,830
191,23,0,853
191,24,0,803
192,1,0,798
192,2,0,767
192,3,0,817
192,4,0,812
192,5,0,816
192,6,0,816
192,7,0,882
192,8,0,904
192,9,0,811
192,10,0,802
192,11,0,845
192,12,0,844
192,13,0,868
192,14,0,837
192,15,0,790
192,16,0,820
192,17,0,870
192,18,0,846
192,19,0,842
192,20,0,858
192,21,0,819
192,22,0,823
192,23,0,862
192,24,0,822
193,1,0,786
193,2,0,803
193,3,0,802
193,4,0,852
193,5,0,751
193,6,0,754
193,7,0,738
193,8,0,778
193,9,0,777
193,10,0,788
193,11,0,776
193,12,0,738
193,13,0,807
193,14,0,738
193,15,0,766
193,16,0,788
193,17,0,807
193,18,0,754
193,19,0,792
193,20,0,793
193,21,0,736
193,22,0,739
193,23,0,761
193,24,0,770
194,1,0,787
194,2,0,754
194,3,0,743
194,4,0,801
194,5,0,759
194,6,0,757
194,7,0,744
194,8,0,781
194,9,0,762
194,10,0,796
194,11,0,805
194,12,0,830
194,13,0,764
194,14,0,802
194,15,0,776
194,16,0,804
194,17,0,757
194,18,0,774
194,19,0,793
194,20,0,747
194,21,0,801
194,22,0,750
194,23,0,733
194,24,0,784
195,1,0,826
195,2,0,751
195,3,0,803
195,4,0,767
195,5,0,769
195,6,0,796
195,7,0,743
195,8,0,772
195,9,0,748
195,10,0,737
195,11,0,805
195,12,0,769
195,13,0,703
195,14,0,762
195,15,0,736
195,16,0,768
195,17,0,764
195,18,0,755
195,19,0,721
195,20,0,753
195,21,0,760
195,22,0,778
195,23,0,782
195,24,0,751
196,1,0,816
196,2,0,798
196,3,0,825
196,4,0,806
196,5,0,772
196,6,0,799
196,7,0,779
196,8,0,868
196,9,0,787
196,10,0,850
196,11,0,786
196,12,0,804
196,13,0,817
196,14,0,794
196,15,0,802
196,16,0,861
196,17,0,785
196,18,0,842
196,19,0,810
196,20,0,812
196,21,0,835
196,22,0,834
196,23,0,797
196,24,0,859
197,1,0,820
197,2,0,799
197,3,0,766
197,4,0,822
197,5,0,789
197,6,0,821
197,7,0,800
197,8,0,774
197,9,0,811
197,10,0,767
197,11,0,813
197,12,0,745
197,13,0,798
197,14,0,818
197,15,0,855
197,16,0,791
197,17,0,796
197,18,0,845
197,19,0,778
197,20,0,760
197,21,0,822
197,22,0,837
197,23,0,822
197,24,0,796
198,1,0,792
198,2,0,778
198,3,0,834
198,4,0,844
198,5,0,777
198,6,0,839
198,7,0,792
198,8,0,764
198,9,0,765
198,10,0,843
198,11,0,827
198,12,0,826
198,13,0,784
198,14,0,830
198,15,0,786
198,16,0,802
198,17,0,784
198,18,0,810
198,19,0,740
198,20,0,769
198,21,0,772
198,22,0,768
198,23,0,795
198,24,0,798
199,1,0,876
199,2,0,825
199,3,0,858
199,4,0,836
199,5,0,816
199,6,0,839
199,7,0,801
199,8,0,838
199,9,0,846
199,10,0,812
199,11,0,874
199,12,0,809
199,13,0,845
199,14,0,843
199,15,0,835
199,16,0,850
199,17,0,833
199,18,0,819
199,19,0,796
199,20,0,769
199,21,0,825
199,22,0,784
199,23,0,788
199,24,0,818
200,1,0,779
200,2,0,863
200,3,0,764
200,4,0,800
200,5,0,813
200,6,0,789
200,7,0,862
200,8,0,816
200,9,0,799
200,10,0,796
200,11,0,841
200,12,0,805
200,13,0,824
200,14,0,818
200,15,0,791
200,16,0,842
200,17,0,814
200,18,0,791
200,19,0,832
200,20,0,812
200,21,0,778
200,22,0,812
200,23,0,797
200,24,0,794
