member_id,received_email,enrolled_program,annual_spending
1,0,0,65.11
2,1,0,56.47
3,1,1,39.61
4,1,0,64.48
5,1,0,67.14
6,1,1,11.38
7,1,1,50.47
8,1,0,64.34
9,0,0,56.91
10,0,1,22.76
11,1,1,43.72
12,0,0,49.45
13,1,1,15.41
14,0,1,40.51
15,0,0,74.18
16,0,0,67.06
17,1,1,7.35
18,1,1,28.95
19,0,0,41.41
20,0,0,81.25
21,1,1,46.85
22,0,1,34.97
23,1,1,32.18
24,1,0,54.9
25,0,0,71.31
26,1,0,73.65
27,0,0,51.84
28,1,0,50.19
29,0,0,27.83
30,0,1,30.87
31,0,0,53.92
32,0,0,53.08
33,1,1,20.2
34,0,1,20.31
35,0,0,67.85
36,1,0,52.11
37,1,0,60.56
38,1,0,50.58
39,0,1,6.03
40,1,1,34.07
41,0,1,26.38
42,1,1,28.62
43,1,0,67.49
44,1,0,60.87
45,1,0,61.96
46,0,0,46.3
47,1,1,64.92
48,1,0,39.48
49,0,0,43.61
50,0,0,55.38
51,1,0,42.82
52,1,0,56.27
53,0,0,37.28
54,1,0,62.11
55,0,0,46.64
56,1,0,45.53
57,1,0,45.79
58,1,0,55.64
59,1,0,44.59
60,0,0,34.75
61,0,1,22.81
62,1,0,59.26
63,0,0,51.9
64,1,1,42.6
65,1,0,62.06
66,1,0,64.95
67,0,0,31.1
68,1,0,63.08
69,0,0,45.43
70,1,1,36.96
71,0,0,40.73
72,1,0,62.68
73,1,0,55.97
74,0,0,45.3
75,1,1,30.18
76,0,1,56.24
77,1,1,46.36
78,1,1,38.11
79,0,1,45.02
80,1,1,40.81
81,0,1,34.44
82,0,0,59.93
83,1,0,50.32
84,0,0,37.64
85,1,0,60.87
86,1,1,37.03
87,0,1,34.8
88,1,0,53.72
89,1,0,64.1
90,0,1,21.24
91,1,0,56.09
92,0,0,46.74
93,0,0,39.61
94,1,0,40.56
95,0,0,42.01
96,1,0,30.02
97,0,1,40.63
98,1,0,67.62
99,0,1,24.61
100,0,0,41.16
101,1,0,53.8
102,1,1,48.75
103,1,0,67.59
104,0,1,34.1
105,0,0,74.06
106,1,0,29.51
107,1,1,37.12
108,1,0,52.03
109,1,0,36.53
110,1,0,38.95
111,1,0,59.33
112,0,1,32.03
113,1,0,51.11
114,0,1,36.81
115,0,1,21.29
116,0,1,27.78
117,1,0,63.22
118,1,1,33.95
119,1,0,32.27
120,0,0,69.5
121,0,1,17.7
122,1,1,43.54
123,1,0,29.77
124,0,0,32.55
125,0,0,57.96
126,1,0,52.52
127,0,0,40.7
128,0,0,41.68
129,1,0,56.33
130,1,1,31.13
131,1,0,60.35
132,0,0,59.61
133,1,1,54.03
134,0,1,39.64
135,0,1,37.25
136,0,0,80.15
137,1,0,66.89
138,1,1,52.59
139,1,0,52.31
140,0,0,64.87
141,1,1,48.17
142,1,0,74.29
143,1,0,61.9
144,1,0,52.39
145,1,0,50.94
146,0,0,54.33
147,1,1,27.05
148,0,0,50.29
149,1,0,55.84
150,1,1,37.9
151,0,1,56.11
152,0,1,23.4
153,0,1,21.87
154,0,0,43.95
155,1,1,45.81
156,0,0,34.18
157,1,0,49.58
158,1,0,32.87
159,1,0,25.78
160,0,1,35.32
161,0,1,38.28
162,1,0,66.66
163,0,1,35.1
164,1,0,56.3
165,0,0,33.21
166,0,1,32.31
167,1,0,57.11
168,1,0,33.88
169,0,0,60.51
170,0,0,66.41
171,0,0,47.65
172,1,0,52.35
173,0,0,50.57
174,0,0,40.85
175,0,1,47.44
176,0,0,63.52
177,0,0,47.33
178,0,0,52.16
179,0,0,47.22
180,1,0,52.26
181,1,1,21.91
182,1,0,40.05
183,0,0,48.41
184,0,0,36.7
185,1,1,37.86
186,0,1,36.96
187,1,1,39.86
188,1,1,54.94
189,1,1,26.54
190,0,0,54.39
191,1,0,35.8
192,1,0,43.4
193,0,0,27.74
194,0,1,41.66
195,0,0,31.63
196,1,0,65.88
197,0,0,41.31
198,0,0,54.34
199,1,0,29.1
200,0,0,47.16
201,0,0,24.28
202,0,0,54.29
203,0,0,52.15
204,1,1,43.3
205,0,1,31.75
206,0,0,55.72
207,0,1,28.76
208,0,0,56.05
209,1,0,46.42
210,0,0,56.7
211,1,0,75.08
212,1,1,37.49
213,0,0,49.35
214,1,1,44.85
215,1,1,34.85
216,1,0,66.15
217,1,0,44.59
218,1,0,46.62
219,0,0,61.64
220,0,0,48.14
221,1,1,45.55
222,0,0,58.22
223,1,1,28.66
224,0,1,36.25
225,0,0,43.24
226,0,0,46.36
227,1,1,42.0
228,1,1,43.63
229,0,0,41.1
230,0,0,51.73
231,0,0,34.07
232,0,0,75.25
233,0,0,54.16
234,0,0,14.07
235,1,1,36.83
236,0,0,34.16
237,1,0,64.31
238,1,1,24.87
239,1,1,33.95
240,1,1,55.79
241,0,0,67.61
242,0,0,57.92
243,0,0,54.3
244,0,0,40.17
245,0,0,47.72
246,0,1,38.01
247,1,0,32.51
248,0,0,41.7
249,1,0,64.78
250,0,0,71.26
251,0,1,34.99
252,1,1,42.46
253,1,0,47.42
254,1,0,41.11
255,1,0,43.79
256,0,0,45.33
257,0,0,49.66
258,0,0,62.4
259,1,1,48.15
260,1,1,22.4
261,0,1,25.73
262,1,0,54.68
263,0,0,70.77
264,1,0,41.27
265,1,0,46.69
266,1,0,48.22
267,1,0,50.5
268,1,1,52.16
269,0,0,76.38
270,0,1,61.3
271,0,0,50.55
272,1,1,27.3
273,1,0,57.6
274,0,0,52.62
275,1,1,42.41
276,1,1,30.01
277,1,1,30.67
278,0,0,24.96
279,1,0,46.35
280,0,0,48.94
281,0,0,42.72
282,1,1,27.67
283,0,0,55.72
284,0,0,60.32
285,0,0,49.24
286,1,0,40.59
287,0,0,35.09
288,0,0,37.61
289,1,1,11.67
290,1,1,36.05
291,1,0,63.64
292,0,1,20.88
293,1,1,41.5
294,1,0,40.09
295,0,0,67.47
296,1,0,54.07
297,0,0,50.81
298,0,0,38.78
299,0,0,43.33
300,1,0,49.4
301,0,0,44.89
302,0,0,39.27
303,0,0,58.12
304,1,1,54.93
305,1,0,53.04
306,1,0,68.17
307,0,0,51.93
308,0,0,46.73
309,1,0,52.15
310,0,1,34.83
311,1,0,74.22
312,0,0,34.6
313,1,0,62.81
314,0,0,47.32
315,0,1,44.69
316,0,0,55.38
317,0,0,31.48
318,0,1,40.69
319,1,1,37.0
320,0,0,59.56
321,1,0,61.24
322,1,0,27.55
323,1,0,61.24
324,0,1,35.75
325,1,0,58.36
326,1,0,82.48
327,1,1,24.19
328,0,1,36.87
329,1,1,30.42
330,1,0,33.98
331,1,0,62.69
332,0,0,35.95
333,0,0,37.75
334,0,1,50.74
335,0,0,69.33
336,1,1,48.76
337,0,0,64.49
338,0,0,44.24
339,0,0,76.69
340,1,1,39.56
341,0,1,57.65
342,1,1,42.94
343,0,0,49.8
344,0,0,55.64
345,0,1,30.26
346,0,1,47.25
347,1,0,53.89
348,1,0,45.46
349,1,0,44.66
350,0,0,71.06
351,1,1,49.49
352,1,1,30.39
353,1,0,59.26
354,0,0,61.21
355,0,1,22.31
356,0,0,51.76
357,1,0,31.49
358,1,1,49.83
359,1,0,58.48
360,0,0,74.94
361,0,0,56.53
362,1,0,54.12
363,1,0,44.43
364,0,1,19.02
365,1,1,18.44
366,0,0,65.39
367,0,0,56.03
368,0,1,34.22
369,1,1,15.41
370,1,0,42.52
371,0,1,36.6
372,0,0,62.84
373,1,0,93.47
374,1,0,44.59
375,1,1,26.75
376,1,1,28.56
377,1,0,38.86
378,1,1,36.07
379,0,0,41.82
380,0,1,11.59
381,1,0,61.06
382,1,1,51.24
383,0,1,59.64
384,0,1,34.23
385,0,0,76.45
386,1,1,44.61
387,1,0,40.12
388,0,1,35.15
389,1,0,55.6
390,1,0,70.34
391,0,0,55.09
392,1,0,61.61
393,1,1,48.57
394,1,1,43.42
395,1,0,40.19
396,0,0,38.52
397,1,0,40.75
398,1,1,37.1
399,1,0,42.96
400,1,0,53.0
401,0,0,69.14
402,1,0,70.13
403,0,0,36.0
404,0,0,49.31
405,1,0,27.26
406,0,0,42.52
407,1,1,47.89
408,1,0,56.53
409,1,0,65.14
410,1,0,64.75
411,1,0,60.16
412,1,0,60.7
413,1,1,35.47
414,1,1,9.75
415,0,0,53.55
416,0,0,50.43
417,1,0,52.29
418,1,0,60.24
419,1,1,27.09
420,0,1,46.79
421,0,0,53.53
422,1,0,51.03
423,1,0,50.12
424,0,0,60.2
425,0,1,41.07
426,0,1,44.47
427,0,0,46.66
428,1,1,61.48
429,0,0,33.71
430,0,1,37.33
431,1,1,14.67
432,0,0,71.06
433,1,0,64.01
434,1,0,76.87
435,1,0,72.6
436,1,0,70.52
437,1,1,52.02
438,1,1,46.4
439,1,0,45.2
440,1,0,52.75
441,1,0,55.34
442,1,1,44.74
443,0,0,63.95
444,1,0,57.64
445,0,0,46.69
446,0,1,32.37
447,0,0,48.86
448,1,1,27.29
449,1,0,41.47
450,0,0,44.95
451,0,0,36.1
452,0,0,63.32
453,0,0,71.09
454,0,1,38.13
455,1,1,16.19
456,1,0,30.35
457,0,0,63.17
458,1,0,70.72
459,0,0,71.84
460,1,0,59.58
461,1,0,38.12
462,0,0,45.6
463,1,0,32.5
464,1,1,28.19
465,0,0,53.42
466,0,0,57.09
467,0,0,65.44
468,0,0,67.95
469,0,0,44.47
470,0,0,54.34
471,1,0,45.43
472,0,1,10.85
473,1,0,41.53
474,1,0,54.16
475,0,1,43.39
476,1,0,45.43
477,1,0,52.0
478,1,0,38.99
479,0,0,36.75
480,0,1,34.15
481,1,0,50.45
482,0,1,42.52
483,0,0,62.64
484,0,0,60.37
485,1,0,40.83
486,1,0,48.85
487,1,0,58.73
488,1,0,66.08
489,0,0,72.83
490,1,0,39.75
491,0,0,59.86
492,0,1,36.36
493,1,1,28.25
494,0,1,54.48
495,0,0,53.84
496,0,1,26.32
497,0,0,43.77
498,1,1,28.91
499,1,1,29.87
500,0,0,18.97
501,0,1,45.51
502,0,0,52.96
503,1,1,29.36
504,1,1,25.2
505,1,0,47.14
506,0,1,21.02
507,1,0,58.51
508,1,1,36.17
509,0,0,69.08
510,1,1,24.48
511,1,0,61.3
512,1,0,33.03
513,1,1,36.62
514,1,0,52.92
515,1,1,19.87
516,0,1,51.84
517,0,0,51.93
518,1,1,45.96
519,0,0,46.91
520,0,0,57.41
521,0,0,58.26
522,1,0,41.54
523,0,0,41.35
524,1,1,21.27
525,1,0,42.48
526,0,0,45.66
527,0,1,24.92
528,0,1,31.58
529,0,0,33.83
530,1,0,28.55
531,0,1,24.66
532,1,0,28.8
533,0,0,61.05
534,1,0,59.48
535,0,0,55.03
536,1,0,32.53
537,0,1,33.63
538,0,0,55.12
539,0,1,45.17
540,0,0,52.04
541,0,1,9.17
542,1,0,38.35
543,1,1,34.76
544,1,0,52.41
545,0,1,38.92
546,1,0,67.21
547,0,0,54.59
548,0,0,52.6
549,0,1,44.2
550,0,1,21.02
551,0,1,38.74
552,1,1,28.65
553,1,1,49.15
554,0,1,35.88
555,0,0,56.94
556,1,0,53.91
557,0,1,55.65
558,1,0,59.14
559,1,1,19.92
560,0,0,31.72
561,0,1,27.56
562,1,1,38.57
563,0,1,42.3
564,1,0,73.69
565,0,0,47.67
566,1,1,17.3
567,1,0,45.05
568,0,0,58.23
569,1,0,50.66
570,0,0,47.67
571,0,0,52.48
572,1,0,39.89
573,0,1,42.46
574,0,0,34.93
575,1,0,62.89
576,1,1,33.85
577,1,0,55.5
578,0,0,55.46
579,0,1,49.05
580,0,0,55.34
581,1,0,60.18
582,0,1,49.83
583,1,1,44.25
584,1,0,42.24
585,1,0,43.29
586,1,1,45.84
587,1,0,68.23
588,1,0,48.86
589,0,1,44.65
590,1,1,41.74
591,1,0,43.13
592,1,0,71.66
593,0,1,44.16
594,1,0,43.74
595,0,0,53.25
596,0,0,62.63
597,1,0,51.49
598,1,0,72.05
599,0,0,52.22
600,0,1,42.02
601,1,1,23.16
602,1,1,32.84
603,1,1,28.65
604,1,0,39.68
605,1,0,46.07
606,1,0,67.66
607,1,0,40.05
608,1,1,48.68
609,1,1,54.14
610,1,0,57.66
611,0,1,32.87
612,1,0,24.99
613,1,0,45.56
614,1,0,60.67
615,1,1,26.53
616,1,1,43.34
617,1,0,38.11
618,0,1,32.93
619,1,0,54.34
620,1,0,55.9
621,0,0,60.38
622,0,0,40.03
623,0,0,47.87
624,0,0,55.44
625,1,0,54.95
626,1,1,29.39
627,0,0,82.23
628,1,0,34.64
629,0,1,35.91
630,1,1,23.02
631,0,0,60.83
632,1,1,34.95
633,0,0,55.18
634,0,0,57.61
635,1,1,17.45
636,0,0,75.79
637,1,1,11.97
638,0,0,53.09
639,1,0,51.04
640,1,0,62.14
641,0,0,27.96
642,0,0,44.82
643,1,0,66.59
644,1,0,41.31
645,1,0,54.15
646,0,0,51.38
647,1,0,58.17
648,0,0,46.99
649,1,0,29.88
650,0,0,51.45
651,0,1,27.18
652,0,1,35.31
653,1,0,38.4
654,0,0,63.26
655,1,0,57.13
656,1,0,74.33
657,0,1,28.43
658,0,1,48.36
659,0,0,41.19
660,1,1,23.21
661,0,0,69.86
662,1,1,34.12
663,1,0,57.4
664,0,1,45.73
665,0,0,44.36
666,0,0,54.17
667,0,1,17.2
668,1,0,55.34
669,0,0,67.4
670,0,0,60.58
671,1,1,38.15
672,1,0,46.94
673,1,0,63.6
674,1,0,38.61
675,1,0,60.62
676,0,0,45.1
677,0,1,50.45
678,0,0,61.17
679,0,0,38.65
680,0,0,60.04
681,1,0,46.16
682,0,0,46.68
683,1,0,41.01
684,0,0,52.76
685,0,0,39.58
686,1,0,56.44
687,1,0,65.19
688,0,0,46.45
689,0,0,68.63
690,0,0,41.2
691,0,0,45.51
692,1,1,48.34
693,0,0,46.87
694,1,1,46.32
695,0,0,55.44
696,0,1,13.93
697,1,1,42.09
698,1,0,52.08
699,0,0,61.37
700,1,0,48.53
701,1,0,53.56
702,1,0,44.98
703,0,1,40.08
704,0,0,42.66
705,1,0,53.39
706,0,0,51.28
707,1,0,43.55
708,1,0,55.38
709,0,0,59.43
710,1,1,26.49
711,0,0,59.3
712,0,0,40.4
713,1,0,78.23
714,1,0,57.24
715,1,1,43.75
716,0,0,64.83
717,1,1,28.98
718,1,0,65.66
719,1,0,50.72
720,1,0,74.18
721,1,1,48.84
722,0,0,36.23
723,1,1,51.28
724,1,1,39.75
725,0,0,63.5
726,0,0,32.58
727,1,0,51.27
728,1,0,53.76
729,1,0,44.75
730,1,1,17.49
731,1,0,56.03
732,1,0,40.05
733,1,0,48.63
734,1,0,40.82
735,0,0,41.53
736,1,0,46.82
737,0,0,56.71
738,0,1,24.49
739,1,0,60.55
740,1,1,38.03
741,0,1,25.14
742,0,0,76.13
743,0,0,53.83
744,1,0,40.87
745,0,0,48.06
746,1,1,50.37
747,0,0,39.2
748,0,1,26.19
749,0,0,53.67
750,0,0,46.79
751,0,1,37.29
752,0,0,55.14
753,1,1,46.73
754,1,0,57.3
755,0,0,59.72
756,0,1,11.31
757,1,0,56.54
758,0,0,43.21
759,0,0,68.56
760,0,1,20.83
761,1,0,65.95
762,1,0,79.0
763,0,1,30.93
764,1,1,33.21
765,0,0,40.34
766,0,0,32.0
767,0,0,59.87
768,0,1,45.81
769,0,0,53.39
770,1,1,44.08
771,0,0,80.58
772,0,1,41.42
773,0,0,36.0
774,0,0,27.33
775,1,1,39.4
776,0,0,43.91
777,0,0,61.03
778,1,0,47.73
779,0,1,41.47
780,0,1,42.86
781,0,0,56.69
782,0,1,38.26
783,1,1,61.44
784,0,0,55.31
785,1,0,70.92
786,1,0,56.43
787,1,1,44.03
788,0,0,41.02
789,1,0,49.4
790,1,0,61.24
791,0,1,29.02
792,1,0,66.07
793,0,0,64.03
794,1,1,34.37
795,1,0,72.77
796,0,0,24.58
797,0,1,19.4
798,0,1,40.09
799,0,0,31.68
800,1,0,55.4
801,0,0,79.39
802,1,0,57.86
803,0,1,40.94
804,1,0,49.1
805,1,0,49.56
806,1,0,69.11
807,1,0,57.0
808,1,1,38.54
809,1,0,32.44
810,0,1,29.28
811,0,0,54.82
812,1,0,54.75
813,1,0,50.95
814,1,1,59.78
815,0,0,43.54
816,0,0,61.45
817,1,0,63.16
818,0,1,10.96
819,0,1,36.6
820,1,1,22.43
821,1,0,47.73
822,1,1,31.45
823,0,1,10.68
824,0,1,31.68
825,1,0,40.7
826,1,0,65.84
827,1,0,53.77
828,1,1,70.03
829,0,1,19.86
830,0,0,31.56
831,1,0,36.33
832,1,0,52.98
833,0,0,46.11
834,0,0,49.33
835,0,0,53.72
836,0,0,74.05
837,1,0,46.24
838,0,0,51.99
839,0,0,44.61
840,0,0,51.57
841,1,0,60.35
842,1,0,57.07
843,0,1,51.15
844,0,1,23.95
845,1,1,41.54
846,0,0,55.29
847,0,1,27.57
848,0,1,29.36
849,0,0,36.18
850,0,1,37.1
851,0,1,39.4
852,0,0,64.17
853,1,0,45.06
854,0,0,59.47
855,0,0,46.55
856,1,1,27.06
857,1,0,32.47
858,1,1,17.78
859,1,0,48.35
860,1,1,23.98
861,0,1,27.48
862,0,0,44.61
863,0,0,67.88
864,0,0,86.55
865,0,0,71.68
866,0,1,33.56
867,0,0,51.08
868,1,0,70.97
869,0,1,35.93
870,1,1,29.98
871,1,0,64.14
872,0,0,63.39
873,0,0,69.86
874,0,0,67.93
875,0,0,55.15
876,1,1,35.45
877,1,0,56.9
878,1,0,53.45
879,0,0,47.05
880,1,1,24.09
881,1,0,69.18
882,1,1,55.09
883,0,0,61.87
884,1,0,56.81
885,0,0,37.23
886,1,0,70.68
887,0,0,47.77
888,0,0,52.38
889,1,0,61.56
890,1,0,57.2
891,0,0,55.54
892,1,1,33.68
893,0,1,32.28
894,0,0,55.59
895,0,1,11.86
896,0,0,46.85
897,1,0,72.14
898,0,0,56.93
899,0,0,41.64
900,1,0,37.73
901,0,0,47.1
902,0,1,45.23
903,1,0,45.39
904,0,0,67.36
905,0,0,47.15
906,0,0,67.42
907,0,1,21.31
908,0,0,75.47
909,0,0,49.83
910,0,0,65.23
911,0,1,36.97
912,1,0,65.09
913,1,0,56.6
914,1,1,37.28
915,1,0,54.83
916,0,0,74.46
917,1,1,33.49
918,0,1,49.26
919,1,1,39.42
920,1,0,53.46
921,1,0,46.37
922,0,0,54.93
923,0,0,52.49
924,0,0,48.06
925,0,0,32.52
926,0,0,57.2
927,0,0,50.05
928,1,0,38.33
929,0,1,14.84
930,0,0,79.95
931,0,1,43.52
932,1,1,36.21
933,0,1,34.81
934,1,1,40.54
935,1,0,35.26
936,1,0,69.71
937,0,0,54.94
938,1,0,64.73
939,1,1,35.42
940,0,1,24.18
941,1,1,25.26
942,1,0,30.59
943,0,0,44.69
944,1,0,51.41
945,0,1,35.61
946,1,1,32.99
947,0,0,46.3
948,0,0,33.04
949,0,0,44.35
950,1,0,41.13
951,1,1,25.68
952,0,0,46.06
953,1,0,51.16
954,0,0,61.12
955,1,1,21.84
956,0,1,45.95
957,0,0,42.02
958,1,0,60.18
959,1,0,55.3
960,0,1,19.53
961,1,0,62.58
962,0,1,49.0
963,1,0,59.97
964,1,1,34.05
965,1,0,54.86
966,0,0,68.05
967,1,1,67.57
968,0,0,44.47
969,0,0,67.42
970,1,0,55.51
971,0,1,25.93
972,1,1,38.8
973,1,0,38.87
974,0,1,23.47
975,0,0,33.67
976,0,0,87.17
977,1,1,36.76
978,1,0,61.27
979,1,1,40.52
980,1,0,37.81
981,0,1,42.61
982,1,1,52.39
983,1,0,38.0
984,1,1,31.86
985,1,0,39.68
986,1,0,57.06
987,0,0,46.52
988,1,0,48.1
989,1,1,18.64
990,0,0,50.28
991,0,0,62.9
992,0,1,44.63
993,0,0,52.04
994,1,0,55.94
995,1,1,37.49
996,0,0,46.59
997,0,0,42.38
998,0,0,53.65
999,1,1,64.72
1000,1,1,28.31
1001,1,0,63.53
1002,1,1,21.36
1003,1,1,41.14
1004,1,0,52.03
1005,1,0,52.51
1006,1,1,37.0
1007,0,0,54.69
1008,0,0,36.2
1009,1,1,35.21
1010,0,0,54.78
1011,0,0,80.25
1012,0,1,51.1
1013,1,1,19.06
1014,0,1,24.16
1015,1,1,44.2
1016,0,0,72.22
1017,0,1,27.95
1018,1,0,47.04
1019,0,0,60.48
1020,0,1,33.24
1021,0,0,57.88
1022,1,0,66.57
1023,1,0,68.89
1024,0,0,38.41
1025,1,0,37.85
1026,0,0,64.65
1027,1,0,40.48
1028,0,0,48.82
1029,0,1,17.69
1030,0,0,59.98
1031,1,1,5.84
1032,1,0,65.4
1033,0,0,62.52
1034,0,1,47.03
1035,1,0,60.95
1036,0,0,70.5
1037,1,0,63.54
1038,0,0,56.91
1039,0,1,9.22
1040,0,0,61.07
1041,0,0,52.87
1042,0,0,48.03
1043,0,0,44.78
1044,0,1,35.45
1045,1,1,47.9
1046,0,1,30.91
1047,0,1,29.07
1048,1,1,37.87
1049,1,0,69.47
1050,1,0,46.07
1051,1,1,19.01
1052,0,1,22.45
1053,0,0,71.38
1054,1,1,27.07
1055,0,0,29.02
1056,0,0,68.82
1057,1,1,35.84
1058,0,0,40.74
1059,1,0,44.13
1060,1,0,63.9
1061,1,0,57.39
1062,0,0,52.2
1063,0,1,21.73
1064,1,0,54.02
1065,1,0,35.66
1066,0,1,47.0
1067,1,1,31.16
1068,0,1,41.76
1069,0,0,55.98
1070,1,0,45.46
1071,0,0,26.23
1072,1,0,49.44
1073,0,0,66.33
1074,0,0,35.77
1075,0,1,34.58
1076,1,0,55.54
1077,0,1,50.9
1078,0,0,80.84
1079,0,0,63.04
1080,1,0,47.94
1081,0,1,33.31
1082,0,0,49.52
1083,0,0,48.6
1084,0,1,17.5
1085,0,0,66.6
1086,1,1,39.77
1087,0,0,57.94
1088,0,0,42.44
1089,0,0,54.57
1090,0,1,48.91
1091,0,0,64.3
1092,1,1,47.78
1093,1,0,74.39
1094,1,1,24.11
1095,0,0,34.04
1096,1,1,34.71
1097,1,0,64.98
1098,0,0,39.19
1099,1,0,44.1
1100,0,1,18.42
1101,0,0,30.71
1102,0,0,54.84
1103,0,1,40.99
1104,0,0,37.31
1105,0,0,57.33
1106,0,0,50.13
1107,1,1,51.86
1108,0,0,50.66
1109,0,0,64.73
1110,1,0,60.51
1111,0,0,63.78
1112,0,0,57.41
1113,1,0,70.01
1114,0,0,55.71
1115,1,0,67.01
1116,0,1,29.16
1117,1,0,23.14
1118,1,0,46.05
1119,1,0,43.94
1120,1,0,47.6
1121,0,0,71.62
1122,0,0,75.91
1123,0,0,51.86
1124,0,0,42.89
1125,0,0,37.39
1126,1,0,44.37
1127,1,1,30.3
1128,1,0,69.05
1129,0,1,17.47
1130,1,0,45.08
1131,1,0,52.84
1132,1,0,62.63
1133,1,0,51.08
1134,1,0,60.1
1135,1,0,48.76
1136,1,1,64.59
1137,1,0,47.25
1138,0,0,71.09
1139,1,0,65.71
1140,0,0,59.6
1141,1,0,50.0
1142,0,0,39.52
1143,1,0,49.34
1144,1,1,38.17
1145,1,1,34.06
1146,1,0,69.51
1147,0,0,72.24
1148,0,1,43.3
1149,0,0,38.79
1150,0,1,46.49
1151,1,0,57.51
1152,0,1,63.27
1153,1,0,43.72
1154,1,0,62.83
1155,1,1,28.69
1156,1,0,29.03
1157,0,0,56.88
1158,0,0,32.79
1159,0,0,19.37
1160,1,1,35.32
1161,1,0,62.53
1162,1,0,42.93
1163,0,0,47.04
1164,0,0,40.49
1165,1,1,35.06
1166,0,0,56.07
1167,1,0,53.96
1168,1,0,44.0
1169,1,1,56.85
1170,1,1,35.35
1171,1,0,48.19
1172,0,0,51.62
1173,0,0,60.88
1174,0,1,26.82
1175,0,1,28.24
1176,0,0,58.39
1177,0,0,45.77
1178,1,0,41.38
1179,0,1,28.93
1180,0,0,51.99
1181,1,0,36.61
1182,1,1,22.51
1183,0,1,41.94
1184,0,0,65.72
1185,0,1,14.1
1186,0,0,61.88
1187,1,1,54.7
1188,0,1,28.64
1189,1,0,36.77
1190,1,1,30.31
1191,1,1,17.66
1192,0,0,45.85
1193,0,0,64.22
1194,0,0,49.29
1195,1,0,42.25
1196,1,0,71.51
1197,1,1,43.5
1198,0,0,37.16
1199,0,0,59.16
1200,0,0,57.62
1201,0,0,29.36
1202,0,1,26.55
1203,0,0,54.22
1204,1,0,61.63
1205,1,1,27.18
1206,0,0,54.47
1207,0,1,40.08
1208,0,0,41.15
1209,1,1,23.56
1210,0,0,63.24
1211,1,0,45.49
1212,0,1,34.26
1213,0,0,47.83
1214,1,0,99.12
1215,0,0,67.55
1216,0,0,45.64
1217,1,1,23.61
1218,1,0,67.3
1219,0,0,47.27
1220,1,0,63.98
1221,1,0,60.43
1222,1,1,34.54
1223,0,1,32.02
1224,1,0,60.22
1225,0,0,34.34
1226,1,0,67.95
1227,1,0,63.27
1228,0,1,32.14
1229,0,0,30.68
1230,0,0,35.33
1231,0,0,50.45
1232,0,0,44.66
1233,1,1,32.51
1234,1,1,53.14
1235,0,0,61.0
1236,0,0,43.43
1237,0,1,53.73
1238,0,1,19.86
1239,1,0,69.53
1240,0,0,59.52
1241,0,0,55.12
1242,1,1,36.93
1243,1,0,52.73
1244,0,0,35.06
1245,0,0,29.16
1246,1,1,53.31
1247,1,1,39.29
1248,0,0,49.13
1249,0,0,34.95
1250,1,0,40.11
1251,1,1,13.22
1252,1,0,31.71
1253,1,0,69.53
1254,1,0,77.19
1255,1,0,32.95
1256,0,0,35.38
1257,0,0,55.01
1258,0,0,44.17
1259,1,0,59.76
1260,0,0,50.14
1261,1,0,59.08
1262,0,1,44.86
1263,1,1,32.88
1264,1,1,41.12
1265,1,0,58.4
1266,1,0,58.39
1267,0,0,46.59
1268,1,0,85.99
1269,1,0,78.55
1270,0,0,32.35
1271,0,0,55.9
1272,0,1,38.13
1273,0,0,48.71
1274,0,0,68.93
1275,0,0,39.61
1276,1,0,37.77
1277,1,1,27.24
1278,0,0,48.73
1279,1,0,51.76
1280,0,1,55.74
1281,1,0,63.01
1282,0,0,77.11
1283,1,0,44.66
1284,0,0,45.5
1285,1,0,53.83
1286,0,0,60.96
1287,1,0,60.44
1288,0,1,44.33
1289,1,0,46.79
1290,0,0,56.43
1291,1,0,51.1
1292,0,0,42.08
1293,1,1,41.94
1294,0,0,65.81
1295,0,0,77.36
1296,1,1,54.33
1297,1,0,78.85
1298,1,1,41.89
1299,1,0,42.75
1300,1,1,40.63
1301,0,1,37.54
1302,0,0,49.05
1303,0,0,53.57
1304,1,1,30.03
1305,0,0,61.31
1306,1,1,33.26
1307,0,1,29.78
1308,1,1,42.69
1309,0,1,41.04
1310,1,0,59.34
1311,1,1,25.59
1312,0,0,58.02
1313,0,0,48.33
1314,1,1,21.21
1315,1,0,56.66
1316,0,0,48.64
1317,0,0,35.3
1318,1,0,41.27
1319,0,0,30.61
1320,1,0,40.1
1321,0,0,51.49
1322,1,0,68.88
1323,0,1,60.11
1324,1,1,35.42
1325,0,0,62.83
1326,0,0,55.84
1327,0,0,30.46
1328,1,1,27.05
1329,1,0,71.8
1330,0,0,43.06
1331,0,0,44.02
1332,0,0,25.99
1333,0,0,40.97
1334,0,0,44.14
1335,0,1,32.69
1336,1,0,62.87
1337,1,1,23.3
1338,1,0,55.7
1339,0,1,15.98
1340,1,0,33.28
1341,1,0,48.89
1342,0,0,47.49
1343,0,1,41.3
1344,1,0,48.61
1345,1,1,53.06
1346,1,1,17.11
1347,1,0,54.64
1348,0,1,42.85
1349,1,1,47.29
1350,1,1,30.68
1351,1,1,24.99
1352,0,1,30.99
1353,1,0,60.49
1354,1,1,31.54
1355,1,0,55.96
1356,0,1,22.13
1357,0,0,50.62
1358,1,1,52.59
1359,0,1,32.43
1360,1,0,71.79
1361,1,0,51.12
1362,1,1,23.29
1363,1,0,53.01
1364,1,0,29.6
1365,1,0,47.68
1366,1,1,55.47
1367,0,0,61.73
1368,1,1,38.47
1369,1,1,35.41
1370,0,0,67.92
1371,0,0,57.3
1372,1,1,34.25
1373,0,0,53.37
1374,1,1,45.48
1375,0,0,71.26
1376,0,0,50.14
1377,0,0,24.29
1378,0,1,30.32
1379,1,1,41.31
1380,0,1,27.7
1381,0,0,69.67
1382,0,0,32.38
1383,0,0,66.89
1384,1,0,49.06
1385,1,1,33.67
1386,0,0,73.89
1387,0,1,33.5
1388,1,1,53.89
1389,1,0,38.15
1390,0,1,48.42
1391,0,0,30.86
1392,1,0,64.93
1393,1,0,47.34
1394,1,1,50.85
1395,0,1,35.32
1396,0,0,43.42
1397,1,0,36.07
1398,0,1,33.03
1399,1,0,70.56
1400,1,1,49.98
1401,1,0,60.06
1402,0,0,39.53
1403,1,1,45.19
1404,0,0,61.57
1405,0,0,29.51
1406,0,1,30.67
1407,1,1,27.99
1408,1,1,28.64
1409,0,0,48.35
1410,1,0,63.38
1411,1,0,58.46
1412,1,0,37.2
1413,0,1,34.32
1414,0,0,25.99
1415,0,0,55.21
1416,0,0,54.88
1417,0,0,65.16
1418,1,1,39.79
1419,0,0,60.15
1420,1,1,48.57
1421,0,1,51.92
1422,1,1,49.88
1423,0,1,25.91
1424,1,1,20.29
1425,1,1,46.88
1426,0,1,29.59
1427,1,1,41.72
1428,1,0,68.53
1429,0,0,51.4
1430,0,1,39.25
1431,1,1,31.1
1432,1,1,36.39
1433,0,0,51.12
1434,1,1,49.2
1435,0,1,41.14
1436,1,0,58.19
1437,1,0,32.99
1438,0,0,39.06
1439,0,0,69.65
1440,1,1,30.15
1441,0,0,74.52
1442,0,1,21.94
1443,1,0,63.03
1444,1,0,37.45
1445,1,0,41.31
1446,0,0,44.35
1447,1,0,54.01
1448,0,1,43.94
1449,0,0,53.7
1450,0,0,54.04
1451,0,0,62.88
1452,0,0,66.7
1453,0,1,40.83
1454,1,0,44.43
1455,0,1,47.2
1456,1,1,28.54
1457,0,0,61.89
1458,0,1,35.73
1459,1,0,42.77
1460,0,0,60.9
1461,0,1,41.9
1462,1,1,33.67
1463,0,0,36.26
1464,0,1,43.9
1465,0,0,50.52
1466,0,0,58.96
1467,1,0,49.75
1468,1,0,56.51
1469,0,0,42.92
1470,0,0,63.98
1471,1,1,37.88
1472,0,0,56.19
1473,0,1,20.54
1474,0,0,67.92
1475,0,0,34.48
1476,0,1,45.19
1477,1,0,77.54
1478,1,0,45.17
1479,0,0,55.56
1480,1,0,52.18
1481,0,1,44.66
1482,0,0,44.8
1483,1,0,77.25
1484,0,1,32.35
1485,0,0,53.53
1486,0,1,54.29
1487,1,0,44.02
1488,1,0,34.16
1489,0,0,68.0
1490,0,0,44.15
1491,1,0,50.31
1492,1,1,37.17
1493,0,0,45.12
1494,0,0,39.15
1495,1,1,54.93
1496,0,0,49.08
1497,0,0,59.23
1498,0,1,22.83
1499,0,1,44.43
1500,0,0,54.15
1501,1,0,16.62
1502,0,1,39.74
1503,0,0,42.39
1504,0,0,63.2
1505,0,0,49.39
1506,1,0,55.3
1507,1,1,32.73
1508,1,0,48.92
1509,0,0,77.47
1510,0,1,43.0
1511,0,0,72.21
1512,1,1,29.45
1513,0,0,46.76
1514,0,0,40.48
1515,1,0,31.13
1516,0,0,69.94
1517,1,0,58.04
1518,0,1,38.2
1519,0,0,42.7
1520,1,0,44.19
1521,0,0,63.38
1522,1,0,27.5
1523,1,0,50.6
1524,0,0,37.52
1525,0,0,71.88
1526,0,0,51.93
1527,0,0,46.32
1528,1,1,46.58
1529,1,1,25.79
1530,0,0,31.05
1531,0,0,42.6
1532,0,0,58.34
1533,0,0,23.62
1534,1,1,32.57
1535,0,0,48.0
1536,1,1,64.05
1537,0,1,46.85
1538,0,0,62.64
1539,0,0,50.64
1540,0,0,14.99
1541,0,0,68.23
1542,0,0,51.21
1543,0,0,63.49
1544,0,1,38.33
1545,1,0,42.7
1546,0,0,47.79
1547,1,1,22.48
1548,0,0,29.16
1549,1,0,39.39
1550,1,0,36.1
1551,0,0,70.92
1552,0,1,25.15
1553,1,1,31.99
1554,1,1,30.22
1555,1,1,50.34
1556,1,0,75.59
1557,1,0,45.45
1558,0,0,59.79
1559,0,0,54.99
1560,1,0,49.71
1561,1,0,45.21
1562,0,1,44.64
1563,1,1,17.42
1564,1,1,41.1
1565,0,1,25.38
1566,0,1,58.97
1567,1,1,30.76
1568,0,0,46.09
1569,1,1,19.83
1570,0,1,27.54
1571,0,0,46.73
1572,1,0,49.6
1573,1,1,52.47
1574,0,1,36.42
1575,0,0,42.08
1576,1,1,19.48
1577,1,0,35.54
1578,0,0,54.36
1579,0,1,38.99
1580,0,1,12.55
1581,1,1,33.8
1582,1,0,54.41
1583,1,0,61.98
1584,1,1,64.89
1585,0,0,59.99
1586,0,0,47.92
1587,0,0,57.91
1588,1,1,54.72
1589,1,1,20.28
1590,1,0,43.28
1591,0,1,37.1
1592,1,1,37.02
1593,1,0,53.09
1594,1,1,39.32
1595,1,0,46.37
1596,1,1,46.66
1597,1,0,41.68
1598,1,0,47.54
1599,1,0,59.31
1600,0,0,53.49
1601,1,0,47.58
1602,0,0,60.1
1603,1,0,43.29
1604,0,1,41.6
1605,1,0,80.91
1606,1,1,22.89
1607,1,0,33.95
1608,0,0,51.94
1609,1,0,69.15
1610,0,0,75.05
1611,0,0,42.88
1612,0,0,55.57
1613,1,0,42.85
1614,1,1,40.38
1615,1,0,40.91
1616,0,0,48.41
1617,1,1,31.1
1618,0,0,69.8
1619,0,0,43.15
1620,0,0,40.55
1621,0,0,55.48
1622,0,0,62.73
1623,1,0,48.39
1624,1,0,55.54
1625,0,1,27.66
1626,0,0,37.54
1627,1,0,35.71
1628,0,0,43.11
1629,1,0,49.26
1630,0,0,43.55
1631,1,0,58.63
1632,1,1,52.25
1633,0,0,58.12
1634,1,1,37.36
1635,0,0,50.05
1636,1,1,42.0
1637,1,0,47.68
1638,0,1,39.61
1639,0,0,38.02
1640,0,0,42.87
1641,1,0,49.81
1642,0,0,44.81
1643,1,0,51.32
1644,0,1,24.93
1645,0,1,17.64
1646,1,0,56.22
1647,0,0,54.57
1648,0,1,36.6
1649,0,1,57.64
1650,1,1,38.75
1651,1,1,35.25
1652,0,1,27.41
1653,0,0,39.92
1654,0,0,31.07
1655,0,1,29.67
1656,1,0,72.47
1657,0,0,64.46
1658,0,0,45.09
1659,1,0,60.78
1660,0,1,26.0
1661,0,0,37.58
1662,1,1,45.49
1663,0,1,30.05
1664,1,0,41.3
1665,1,0,38.05
1666,0,0,60.43
1667,1,0,70.39
1668,1,0,45.77
1669,1,1,17.44
1670,1,1,33.17
1671,1,0,48.56
1672,0,0,62.72
1673,0,1,43.88
1674,0,0,73.48
1675,1,0,43.99
1676,0,0,64.39
1677,1,1,45.98
1678,1,0,32.26
1679,1,0,65.21
1680,1,0,21.58
1681,0,0,45.46
1682,0,1,0.09
1683,1,0,38.24
1684,0,0,44.77
1685,1,0,46.8
1686,0,1,36.6
1687,0,0,59.2
1688,0,0,62.3
1689,0,0,54.43
1690,0,1,9.65
1691,0,1,13.38
1692,0,1,39.66
1693,1,1,39.43
1694,1,1,33.57
1695,0,0,52.36
1696,0,0,59.28
1697,1,1,32.12
1698,0,0,59.03
1699,1,0,28.3
1700,1,1,20.33
1701,0,0,55.14
1702,0,1,14.93
1703,0,0,75.24
1704,0,0,62.03
1705,0,0,47.18
1706,1,1,36.8
1707,0,0,41.96
1708,0,0,39.89
1709,0,0,49.31
1710,0,0,56.9
1711,1,0,43.41
1712,0,0,41.76
1713,1,0,62.69
1714,1,1,55.23
1715,0,0,42.5
1716,0,0,49.52
1717,1,0,62.49
1718,1,0,46.8
1719,1,1,24.3
1720,0,0,57.82
1721,0,0,21.48
1722,0,0,53.05
1723,0,0,58.03
1724,1,0,86.54
1725,1,1,51.55
1726,1,1,30.0
1727,1,1,42.3
1728,1,0,58.22
1729,1,0,30.95
1730,1,0,46.38
1731,0,1,49.86
1732,0,0,57.04
1733,1,0,74.04
1734,0,0,46.74
1735,0,0,47.59
1736,0,0,49.82
1737,1,1,60.71
1738,1,0,77.21
1739,1,1,26.26
1740,0,1,28.18
1741,1,0,57.0
1742,0,0,62.43
1743,1,0,44.29
1744,0,1,31.07
1745,0,1,53.57
1746,0,0,56.8
1747,1,1,34.59
1748,0,1,22.71
1749,1,1,30.84
1750,1,1,48.56
1751,0,1,26.0
1752,1,0,48.89
1753,0,0,53.79
1754,1,0,63.8
1755,1,1,19.75
1756,0,0,50.53
1757,0,0,47.88
1758,1,0,40.48
1759,1,0,41.39
1760,0,0,75.47
1761,1,0,44.4
1762,1,0,76.49
1763,1,0,50.51
1764,0,0,63.61
1765,0,1,39.34
1766,0,0,44.22
1767,0,0,39.39
1768,1,1,34.46
1769,1,0,37.76
1770,0,0,48.37
1771,1,0,68.34
1772,1,1,25.99
1773,0,0,31.6
1774,1,0,32.77
1775,1,1,46.56
1776,0,0,51.75
1777,1,0,47.07
1778,0,0,48.66
1779,1,0,62.56
1780,0,0,60.76
1781,0,0,62.57
1782,0,0,55.47
1783,1,1,20.56
1784,1,0,33.42
1785,0,0,51.54
1786,1,1,10.37
1787,0,0,72.67
1788,0,1,55.27
1789,1,0,24.52
1790,0,0,55.02
1791,1,0,71.62
1792,0,0,41.07
1793,1,0,43.09
1794,1,1,30.71
1795,0,0,41.68
1796,1,0,41.7
1797,1,1,54.97
1798,1,1,35.36
1799,0,0,63.85
1800,0,0,64.34
1801,0,0,45.52
1802,1,0,33.48
1803,0,0,75.99
1804,1,1,62.02
1805,0,1,34.41
1806,1,0,50.37
1807,1,0,65.38
1808,0,0,36.82
1809,1,1,24.23
1810,0,1,29.6
1811,0,0,45.05
1812,0,0,41.11
1813,1,0,49.48
1814,1,1,26.76
1815,0,0,68.18
1816,0,1,41.46
1817,0,0,41.31
1818,1,0,58.52
1819,0,0,39.48
1820,0,0,49.72
1821,1,0,50.45
1822,1,1,17.51
1823,1,1,28.61
1824,0,1,11.37
1825,1,0,51.26
1826,0,1,39.38
1827,1,1,48.83
1828,0,1,41.84
1829,1,0,52.78
1830,0,1,8.61
1831,0,0,44.82
1832,1,0,48.94
1833,1,0,36.4
1834,0,0,50.35
1835,0,1,22.3
1836,0,0,54.84
1837,0,0,88.55
1838,0,0,50.4
1839,0,0,42.1
1840,0,0,43.53
1841,0,0,54.07
1842,0,0,51.62
1843,0,0,61.76
1844,1,0,62.53
1845,1,0,50.01
1846,1,0,36.89
1847,1,0,59.14
1848,0,1,58.2
1849,0,1,42.27
1850,0,0,38.93
1851,1,0,62.13
1852,1,1,40.7
1853,0,1,44.46
1854,1,0,69.62
1855,0,1,20.82
1856,0,0,37.49
1857,1,0,65.13
1858,0,1,43.47
1859,1,1,37.56
1860,1,0,86.02
1861,0,0,45.01
1862,0,0,44.67
1863,0,0,55.35
1864,1,1,18.65
1865,1,1,42.42
1866,1,1,36.56
1867,1,0,76.62
1868,1,0,39.51
1869,1,0,49.65
1870,1,1,14.51
1871,1,1,51.68
1872,1,0,36.91
1873,0,0,65.19
1874,1,0,76.96
1875,1,0,68.69
1876,1,0,34.63
1877,1,0,66.24
1878,1,0,38.16
1879,1,1,42.38
1880,1,1,42.72
1881,1,1,6.9
1882,0,0,44.5
1883,1,0,54.05
1884,1,0,51.49
1885,1,0,38.98
1886,1,0,74.96
1887,0,1,48.51
1888,0,0,51.94
1889,0,0,66.41
1890,1,0,69.0
1891,1,1,29.55
1892,1,0,66.01
1893,1,0,41.62
1894,1,0,57.81
1895,1,1,33.6
1896,0,0,47.38
1897,1,0,59.96
1898,1,0,47.58
1899,0,0,50.13
1900,1,0,50.86
1901,1,0,42.55
1902,1,0,48.71
1903,0,0,61.18
1904,0,0,34.35
1905,0,0,52.41
1906,0,0,35.27
1907,0,0,43.97
1908,0,0,56.6
1909,0,1,28.17
1910,1,0,47.57
1911,1,0,43.87
1912,1,0,43.15
1913,0,1,62.87
1914,0,0,40.74
1915,1,0,50.63
1916,0,0,49.21
1917,1,1,35.9
1918,0,0,54.09
1919,0,0,59.72
1920,1,0,51.97
1921,0,0,43.28
1922,0,1,29.96
1923,0,0,56.51
1924,0,0,64.35
1925,1,1,46.75
1926,0,0,36.39
1927,0,0,74.29
1928,1,0,35.85
1929,1,0,64.44
1930,1,1,36.55
1931,0,1,26.5
1932,1,0,80.95
1933,1,0,57.01
1934,0,0,65.54
1935,0,0,43.9
1936,0,1,13.44
1937,0,0,72.88
1938,0,0,43.31
1939,0,0,65.38
1940,0,0,32.39
1941,1,1,37.59
1942,0,0,49.96
1943,1,0,59.27
1944,1,1,17.94
1945,1,1,24.71
1946,1,0,69.61
1947,0,0,23.78
1948,1,0,41.17
1949,1,0,46.46
1950,0,0,49.22
1951,0,0,52.12
1952,1,0,44.34
1953,1,1,33.3
1954,0,0,34.34
1955,1,0,92.66
1956,0,0,45.72
1957,0,0,24.87
1958,0,0,40.96
1959,0,0,43.69
1960,1,0,65.59
1961,0,0,44.13
1962,0,1,23.03
1963,1,0,43.64
1964,1,1,57.09
1965,0,0,52.56
1966,1,0,46.56
1967,1,0,41.12
1968,1,0,39.97
1969,1,0,73.51
1970,1,0,29.31
1971,1,1,33.07
1972,1,1,22.68
1973,1,0,57.2
1974,0,1,27.51
1975,1,1,61.4
1976,0,0,57.1
1977,0,1,41.95
1978,0,0,57.38
1979,1,0,54.08
1980,0,0,55.64
1981,1,1,43.08
1982,1,0,54.07
1983,1,0,44.59
1984,0,0,61.18
1985,1,1,25.51
1986,1,1,24.0
1987,1,1,26.02
1988,0,0,53.82
1989,1,0,65.39
1990,1,0,49.76
1991,0,0,46.45
1992,1,0,73.66
1993,1,1,46.48
1994,1,1,26.72
1995,1,0,48.85
1996,1,1,24.63
1997,1,0,65.18
1998,1,0,32.21
1999,1,1,28.65
2000,1,1,17.48
2001,0,1,33.73
2002,1,0,62.49
2003,1,0,40.69
2004,0,1,44.08
2005,0,0,56.12
2006,0,1,37.2
2007,0,0,74.26
2008,0,1,33.26
2009,0,0,33.62
2010,0,1,31.95
2011,1,0,62.55
2012,0,0,61.05
2013,1,1,57.03
2014,1,1,28.81
2015,1,0,38.4
2016,1,1,36.09
2017,1,1,24.36
2018,1,0,59.53
2019,0,0,47.75
2020,1,1,45.42
2021,0,1,25.11
2022,0,0,70.69
2023,1,0,69.51
2024,1,0,81.69
2025,1,1,10.59
2026,0,0,46.61
2027,0,1,32.66
2028,1,0,55.57
2029,1,1,-0.67
2030,1,0,47.6
2031,0,0,26.37
2032,0,0,50.32
2033,0,0,59.79
2034,1,1,60.93
2035,1,0,47.3
2036,0,0,48.49
2037,1,1,38.72
2038,1,0,58.71
2039,1,0,55.99
2040,0,0,60.11
2041,1,0,63.82
2042,1,1,51.46
2043,1,1,33.43
2044,0,0,62.77
2045,1,1,49.84
2046,1,0,33.73
2047,1,0,12.6
2048,1,0,53.08
2049,0,0,48.8
2050,0,1,40.25
2051,0,0,60.02
2052,1,0,53.9
2053,1,0,49.24
2054,0,0,69.19
2055,1,1,50.01
2056,0,0,54.15
2057,1,0,52.71
2058,0,0,56.62
2059,0,1,37.08
2060,0,0,61.51
2061,0,0,66.5
2062,1,1,33.77
2063,1,1,58.76
2064,0,0,47.28
2065,0,0,67.05
2066,0,0,57.13
2067,0,1,42.16
2068,1,1,31.71
2069,1,0,45.83
2070,0,0,52.23
2071,1,1,33.22
2072,1,0,54.59
2073,1,0,33.47
2074,1,1,38.18
2075,0,1,28.95
2076,0,0,64.28
2077,1,0,45.43
2078,1,0,52.16
2079,1,1,21.15
2080,0,1,33.57
2081,0,0,75.63
2082,0,0,56.96
2083,0,0,36.87
2084,1,0,60.5
2085,0,0,38.44
2086,1,0,46.58
2087,1,0,58.33
2088,0,1,21.76
2089,1,0,66.66
2090,0,1,6.56
2091,0,0,57.76
2092,0,1,50.59
2093,1,0,55.49
2094,0,0,49.8
2095,0,0,19.78
2096,1,0,68.48
2097,0,1,41.64
2098,1,1,27.0
2099,0,0,55.83
2100,0,0,64.96
2101,1,0,46.21
2102,0,0,57.01
2103,0,0,55.1
2104,0,0,61.54
2105,0,0,50.45
2106,1,1,33.66
2107,0,0,54.33
2108,1,1,33.46
2109,1,0,52.95
2110,1,0,44.55
2111,1,0,59.32
2112,0,0,63.29
2113,1,1,41.4
2114,1,0,77.88
2115,0,0,57.73
2116,1,0,67.25
2117,1,0,57.3
2118,1,1,73.23
2119,1,1,23.11
2120,1,0,47.21
2121,0,0,63.66
2122,1,1,64.54
2123,1,0,63.56
2124,0,0,68.05
2125,0,0,51.06
2126,0,0,49.69
2127,1,1,46.77
2128,0,1,33.56
2129,1,0,49.11
2130,1,0,62.65
2131,1,0,71.17
2132,0,0,58.23
2133,0,0,64.91
2134,1,0,62.76
2135,1,0,49.65
2136,0,1,52.39
2137,0,0,61.08
2138,0,0,51.07
2139,1,0,43.76
2140,1,0,53.4
2141,1,0,59.38
2142,1,0,74.2
2143,1,0,48.1
2144,0,1,30.72
2145,1,0,76.47
2146,0,1,38.03
2147,0,0,53.97
2148,1,0,47.78
2149,0,1,26.48
2150,1,1,39.43
2151,1,0,68.13
2152,0,0,25.67
2153,0,0,23.53
2154,1,0,59.3
2155,0,0,64.87
2156,0,0,70.52
2157,1,0,22.27
2158,1,0,77.31
2159,1,1,18.65
2160,0,1,41.22
2161,1,0,16.0
2162,1,0,55.0
2163,1,0,50.3
2164,0,0,48.16
2165,0,0,65.87
2166,0,0,59.88
2167,0,0,50.16
2168,0,1,17.16
2169,1,0,72.0
2170,1,0,66.05
2171,1,0,39.19
2172,1,1,41.16
2173,0,1,34.61
2174,1,1,41.45
2175,1,1,23.3
2176,1,0,61.5
2177,1,1,54.03
2178,1,1,41.45
2179,0,0,50.08
2180,1,0,58.8
2181,1,0,46.52
2182,0,0,52.61
2183,1,1,34.51
2184,0,0,34.44
2185,0,0,44.31
2186,0,1,41.06
2187,0,1,40.41
2188,0,0,75.25
2189,0,1,33.52
2190,1,0,46.22
2191,0,1,42.91
2192,1,0,51.82
2193,1,0,82.64
2194,0,1,28.93
2195,1,1,35.27
2196,0,0,46.09
2197,0,0,54.59
2198,0,0,66.98
2199,0,0,42.41
2200,1,0,36.76
2201,1,0,19.77
2202,0,0,62.61
2203,0,0,58.12
2204,0,0,54.95
2205,1,1,36.64
2206,1,0,39.72
2207,0,1,20.53
2208,1,0,67.69
2209,0,1,17.58
2210,0,0,59.07
2211,0,0,57.74
2212,0,0,52.99
2213,0,0,55.33
2214,0,0,35.68
2215,1,0,51.32
2216,1,0,59.63
2217,1,0,41.61
2218,0,0,54.99
2219,1,0,46.57
2220,1,1,48.6
2221,0,0,85.67
2222,0,1,34.76
2223,0,0,53.47
2224,0,0,54.29
2225,0,0,51.55
2226,0,1,30.52
2227,1,1,43.89
2228,1,0,55.51
2229,0,1,32.04
2230,0,0,56.69
2231,0,0,64.27
2232,0,0,52.27
2233,0,0,58.11
2234,0,1,45.47
2235,1,1,27.0
2236,1,0,52.03
2237,1,0,48.68
2238,1,1,38.91
2239,1,0,68.02
2240,1,0,59.82
2241,0,1,15.08
2242,0,0,48.97
2243,0,0,48.0
2244,0,1,36.36
2245,1,0,52.75
2246,1,0,59.57
2247,1,0,59.49
2248,1,0,75.34
2249,0,0,75.09
2250,0,0,30.32
2251,0,1,16.25
2252,1,1,33.34
2253,1,1,63.79
2254,0,0,37.9
2255,0,0,39.14
2256,1,1,47.9
2257,1,0,41.37
2258,1,1,25.79
2259,0,0,68.02
2260,0,0,57.01
2261,1,1,39.25
2262,0,0,54.61
2263,0,0,60.0
2264,0,0,81.15
2265,1,0,37.23
2266,1,0,26.66
2267,0,1,34.62
2268,0,0,62.59
2269,1,1,28.41
2270,1,0,37.44
2271,1,0,50.7
2272,1,0,65.55
2273,1,1,10.17
2274,0,1,34.3
2275,0,1,20.82
2276,1,1,29.42
2277,0,1,21.8
2278,0,0,50.18
2279,0,0,53.67
2280,0,1,55.12
2281,0,1,46.48
2282,0,0,38.97
2283,1,0,68.14
2284,0,0,69.36
2285,0,0,53.81
2286,1,1,15.63
2287,0,0,17.06
2288,0,0,33.76
2289,0,0,49.93
2290,0,0,43.59
2291,0,1,3.76
2292,1,1,40.28
2293,1,0,52.4
2294,1,1,32.34
2295,0,0,46.81
2296,1,0,61.04
2297,1,1,43.84
2298,0,1,33.81
2299,0,0,51.29
2300,1,1,28.35
2301,1,0,39.89
2302,1,0,43.62
2303,1,0,73.36
2304,1,0,33.98
2305,1,1,28.69
2306,0,1,28.58
2307,1,0,37.68
2308,0,0,37.09
2309,0,0,41.55
2310,1,0,65.52
2311,1,1,28.39
2312,0,0,52.46
2313,1,1,31.9
2314,1,1,42.06
2315,1,1,35.56
2316,1,1,29.25
2317,0,1,45.36
2318,0,0,57.32
2319,1,1,47.27
2320,0,0,45.35
2321,0,1,30.87
2322,0,0,63.4
2323,1,0,50.88
2324,0,0,62.55
2325,1,0,64.53
2326,0,0,66.37
2327,0,0,52.35
2328,0,0,57.03
2329,0,0,55.09
2330,1,0,39.79
2331,0,0,50.57
2332,0,1,75.69
2333,1,1,44.89
2334,0,1,29.6
2335,0,0,42.86
2336,1,1,35.85
2337,1,0,47.58
2338,0,1,47.8
2339,0,0,65.04
2340,0,1,32.54
2341,1,1,51.17
2342,1,1,38.63
2343,0,1,35.44
2344,1,1,27.79
2345,1,1,14.86
2346,0,1,21.58
2347,1,1,32.08
2348,0,0,73.33
2349,1,1,35.07
2350,0,0,43.93
2351,0,0,37.35
2352,1,1,43.31
2353,1,0,74.7
2354,1,0,54.77
2355,0,0,58.06
2356,1,1,24.7
2357,0,0,51.84
2358,1,1,59.53
2359,1,0,39.6
2360,0,0,68.61
2361,0,1,41.56
2362,1,0,37.54
2363,1,1,35.55
2364,0,0,50.02
2365,1,1,38.2
2366,0,0,62.37
2367,1,0,65.25
2368,1,0,49.06
2369,0,0,57.72
2370,1,0,58.3
2371,0,0,37.25
2372,0,0,43.1
2373,0,0,53.37
2374,0,1,6.16
2375,1,0,49.61
2376,1,0,55.97
2377,0,0,47.02
2378,0,0,45.76
2379,0,0,38.76
2380,0,0,52.94
2381,1,1,35.93
2382,1,0,68.45
2383,1,0,41.58
2384,1,1,26.04
2385,1,1,14.89
2386,0,1,45.87
2387,0,0,59.34
2388,1,1,31.66
2389,1,0,57.16
2390,0,0,43.63
2391,0,1,27.22
2392,0,1,41.19
2393,0,1,17.83
2394,1,1,56.04
2395,0,0,60.17
2396,1,0,49.51
2397,1,0,68.32
2398,0,0,44.08
2399,0,0,51.95
2400,0,1,24.15
2401,0,0,38.94
2402,0,0,52.49
2403,0,0,66.28
2404,0,0,34.63
2405,1,1,20.23
2406,0,0,52.13
2407,1,0,64.87
2408,0,0,42.25
2409,1,0,56.16
2410,0,0,64.74
2411,0,0,55.66
2412,1,0,56.59
2413,1,1,47.14
2414,1,0,70.11
2415,1,1,44.83
2416,1,1,8.9
2417,0,0,52.79
2418,1,0,65.03
2419,0,1,39.1
2420,0,1,36.75
2421,1,0,82.22
2422,0,1,41.34
2423,1,0,72.06
2424,0,0,37.5
2425,1,1,25.01
2426,0,1,20.91
2427,0,1,43.42
2428,1,0,37.64
2429,0,1,14.95
2430,0,0,80.93
2431,0,0,66.46
2432,0,0,49.61
2433,1,1,42.08
2434,1,0,43.07
2435,1,0,62.24
2436,0,0,62.6
2437,1,0,78.62
2438,1,1,58.13
2439,0,0,54.44
2440,0,1,38.8
2441,1,1,29.72
2442,0,0,39.68
2443,0,0,58.76
2444,1,0,52.25
2445,1,0,58.51
2446,1,1,3.07
2447,1,0,51.41
2448,1,1,35.27
2449,1,1,31.88
2450,0,0,42.08
2451,1,0,34.16
2452,0,1,30.17
2453,1,0,67.01
2454,0,0,61.69
2455,0,0,54.76
2456,0,1,21.86
2457,0,1,37.69
2458,0,1,50.73
2459,1,1,11.18
2460,0,0,67.87
2461,0,0,67.32
2462,0,0,63.39
2463,0,0,48.33
2464,0,0,67.63
2465,1,0,47.2
2466,0,0,43.3
2467,1,0,54.09
2468,1,0,70.64
2469,1,0,45.88
2470,0,0,52.47
2471,1,1,46.52
2472,1,0,64.54
2473,0,0,59.7
2474,1,1,60.17
2475,1,0,61.59
2476,0,0,33.19
2477,1,1,25.98
2478,0,0,44.49
2479,1,1,26.42
2480,0,0,58.81
2481,1,0,45.07
2482,1,1,36.56
2483,0,0,56.11
2484,0,0,58.86
2485,0,0,53.97
2486,1,0,58.41
2487,1,0,54.84
2488,0,1,30.44
2489,1,1,41.51
2490,1,1,38.71
2491,0,1,38.2
2492,0,0,69.32
2493,1,0,59.13
2494,1,1,48.84
2495,0,0,67.15
2496,1,0,57.01
2497,0,1,46.93
2498,0,0,54.78
2499,0,0,62.16
2500,0,0,36.82
2501,0,0,53.09
2502,1,0,40.61
2503,0,1,32.49
2504,0,0,35.73
2505,0,0,60.19
2506,0,1,57.03
2507,0,1,36.4
2508,1,0,53.47
2509,1,1,48.54
2510,1,0,44.89
2511,1,0,55.29
2512,0,1,54.43
2513,0,1,11.71
2514,0,0,35.46
2515,0,0,44.22
2516,0,0,53.16
2517,1,1,44.9
2518,1,1,38.04
2519,1,1,27.05
2520,1,0,49.12
2521,0,0,39.62
2522,0,1,31.74
2523,1,0,68.11
2524,1,1,46.8
2525,0,0,70.84
2526,0,0,71.46
2527,1,1,42.97
2528,0,1,31.61
2529,1,0,45.07
2530,0,0,45.06
2531,0,0,49.36
2532,1,1,27.58
2533,1,0,50.35
2534,0,1,19.79
2535,0,1,29.62
2536,0,1,39.79
2537,0,1,35.66
2538,0,1,38.96
2539,1,0,72.94
2540,1,1,27.74
2541,0,0,64.42
2542,0,0,52.92
2543,1,0,48.98
2544,1,0,62.09
2545,1,1,36.86
2546,0,0,57.51
2547,1,1,35.55
2548,0,0,51.81
2549,1,0,39.69
2550,0,1,23.57
2551,1,0,46.92
2552,0,0,68.58
2553,0,0,65.48
2554,0,1,34.33
2555,0,0,55.11
2556,1,1,38.32
2557,1,1,33.71
2558,1,0,51.63
2559,1,0,40.91
2560,1,0,78.39
2561,1,0,55.77
2562,0,0,39.87
2563,0,1,31.59
2564,0,0,63.7
2565,1,1,33.79
2566,0,0,39.61
2567,0,0,51.28
2568,1,0,57.27
2569,0,0,49.25
2570,1,0,48.35
2571,1,1,43.58
2572,1,0,39.54
2573,1,0,59.38
2574,1,1,31.45
2575,0,1,41.07
2576,0,1,32.6
2577,1,0,24.32
2578,1,1,45.79
2579,1,0,35.35
2580,0,1,36.59
2581,0,1,30.78
2582,0,0,50.44
2583,0,0,57.34
2584,0,0,57.33
2585,1,0,40.81
2586,0,0,44.35
2587,0,0,42.62
2588,0,1,47.34
2589,1,0,51.74
2590,1,0,51.37
2591,0,0,47.26
2592,0,1,45.64
2593,0,0,37.21
2594,0,0,33.39
2595,1,1,49.24
2596,0,0,52.97
2597,1,0,71.26
2598,1,1,21.63
2599,1,1,50.07
2600,0,0,52.76
2601,0,1,8.6
2602,0,0,74.97
2603,0,0,47.02
2604,1,0,63.89
2605,1,0,45.44
2606,1,0,61.66
2607,0,1,51.86
2608,1,0,62.97
2609,1,1,30.41
2610,1,1,53.03
2611,1,1,35.54
2612,0,0,43.35
2613,0,0,48.37
2614,0,0,36.92
2615,1,0,35.48
2616,1,0,64.12
2617,1,0,54.27
2618,1,1,47.48
2619,0,0,67.58
2620,0,0,48.86
2621,1,0,49.85
2622,1,0,43.48
2623,0,1,28.25
2624,0,0,44.36
2625,0,1,13.35
2626,0,0,81.34
2627,0,1,44.08
2628,1,0,76.32
2629,0,0,56.45
2630,1,0,63.18
2631,1,0,44.96
2632,0,0,51.71
2633,0,0,66.77
2634,0,1,34.29
2635,1,0,34.48
2636,0,1,55.73
2637,0,0,25.4
2638,0,0,57.66
2639,0,0,56.98
2640,0,0,32.13
2641,1,0,52.62
2642,0,0,54.9
2643,0,0,52.48
2644,1,0,64.13
2645,0,1,47.09
2646,1,0,37.13
2647,1,0,48.83
2648,1,0,55.42
2649,1,1,24.31
2650,1,0,50.4
2651,1,0,61.26
2652,0,0,57.92
2653,0,0,67.64
2654,0,0,61.38
2655,1,0,46.85
2656,1,0,45.78
2657,1,0,55.39
2658,0,0,64.42
2659,1,0,35.49
2660,0,1,43.76
2661,1,0,62.97
2662,0,1,39.26
2663,0,0,79.6
2664,0,0,44.81
2665,0,0,53.42
2666,0,0,48.61
2667,0,0,51.89
2668,1,0,64.11
2669,0,0,49.5
2670,1,1,56.22
2671,0,1,21.05
2672,1,0,80.09
2673,1,0,47.66
2674,1,0,63.76
2675,1,0,26.16
2676,1,1,46.66
2677,0,1,26.79
2678,0,0,59.97
2679,1,0,42.98
2680,1,0,38.62
2681,0,1,52.67
2682,1,0,61.2
2683,1,0,29.84
2684,0,1,32.84
2685,0,0,69.88
2686,0,0,51.99
2687,0,0,46.41
2688,0,0,59.38
2689,0,0,43.52
2690,0,1,5.28
2691,1,0,35.09
2692,0,1,41.27
2693,0,0,35.81
2694,1,0,42.66
2695,1,0,51.09
2696,0,0,36.87
2697,0,0,58.1
2698,1,0,59.32
2699,0,0,29.47
2700,1,0,42.39
2701,1,0,56.15
2702,0,1,23.31
2703,1,0,40.69
2704,0,0,42.8
2705,0,0,34.14
2706,0,0,64.26
2707,1,1,33.58
2708,1,0,56.56
2709,0,0,49.54
2710,1,0,60.41
2711,0,0,56.69
2712,1,0,61.43
2713,1,1,31.16
2714,1,0,37.96
2715,0,1,27.87
2716,0,1,23.83
2717,1,0,55.59
2718,1,1,57.13
2719,0,1,15.11
2720,1,0,55.86
2721,1,1,47.28
2722,0,0,61.66
2723,0,0,35.01
2724,0,0,71.65
2725,0,0,65.46
2726,1,0,40.86
2727,1,1,19.56
2728,0,1,19.22
2729,1,0,67.49
2730,1,0,36.61
2731,0,1,10.75
2732,1,1,48.26
2733,0,1,15.52
2734,1,0,55.11
2735,1,0,57.84
2736,0,0,60.31
2737,0,1,19.68
2738,1,1,53.12
2739,0,0,71.32
2740,1,1,17.1
2741,1,0,55.25
2742,1,0,47.72
2743,1,1,29.28
2744,1,0,68.64
2745,0,0,37.05
2746,1,1,24.22
2747,1,0,69.62
2748,1,0,57.14
2749,1,0,57.99
2750,1,1,31.38
2751,0,1,29.93
2752,1,0,37.31
2753,1,0,51.89
2754,1,0,56.58
2755,0,0,36.85
2756,1,0,54.79
2757,0,0,56.18
2758,1,1,4.98
2759,1,0,34.67
2760,0,0,31.26
2761,0,1,37.61
2762,1,0,53.13
2763,1,0,26.46
2764,0,0,65.96
2765,1,0,68.09
2766,0,1,59.57
2767,0,0,61.84
2768,0,1,41.59
2769,0,1,26.05
2770,0,0,49.33
2771,0,0,26.9
2772,0,0,59.99
2773,0,0,81.91
2774,1,0,47.54
2775,0,0,48.64
2776,0,0,26.07
2777,0,1,24.03
2778,1,0,50.26
2779,0,0,62.06
2780,1,0,48.91
2781,0,0,47.47
2782,0,0,66.45
2783,1,1,34.17
2784,1,0,48.93
2785,0,0,52.79
2786,0,1,37.79
2787,0,0,58.48
2788,0,0,64.78
2789,0,1,37.37
2790,0,0,19.32
2791,1,1,35.4
2792,0,0,43.79
2793,0,0,65.53
2794,1,0,41.43
2795,1,0,59.71
2796,0,0,38.98
2797,0,1,32.75
2798,1,1,35.21
2799,0,0,62.24
2800,0,1,38.95
2801,1,0,66.59
2802,0,0,27.09
2803,1,0,52.5
2804,1,0,58.37
2805,1,0,73.74
2806,1,1,33.04
2807,1,0,56.33
2808,1,0,39.62
2809,1,0,51.19
2810,0,0,58.69
2811,0,1,30.84
2812,0,0,48.07
2813,1,1,27.8
2814,0,1,46.17
2815,1,0,50.1
2816,0,1,32.47
2817,1,1,43.17
2818,0,0,32.26
2819,1,0,63.93
2820,0,0,51.88
2821,0,0,37.87
2822,1,0,55.13
2823,1,0,69.04
2824,1,1,46.46
2825,1,1,33.84
2826,0,1,47.85
2827,1,0,49.9
2828,0,0,50.39
2829,1,0,56.68
2830,0,1,48.46
2831,0,0,50.53
2832,0,0,42.6
2833,0,0,66.01
2834,0,0,42.46
2835,0,0,49.83
2836,1,0,48.46
2837,1,0,49.26
2838,0,1,37.51
2839,0,1,44.64
2840,0,0,40.73
2841,1,0,41.14
2842,1,1,34.27
2843,0,0,29.55
2844,1,0,60.32
2845,0,1,19.22
2846,0,0,52.34
2847,1,0,49.8
2848,0,0,47.13
2849,1,0,59.57
2850,0,0,36.88
2851,1,0,64.67
2852,1,1,37.08
2853,1,0,54.53
2854,1,0,69.01
2855,1,0,77.48
2856,1,0,33.08
2857,0,0,48.48
2858,0,0,41.34
2859,0,0,43.79
2860,1,0,52.22
2861,0,0,43.76
2862,1,0,63.25
2863,0,1,36.91
2864,0,0,45.33
2865,0,0,51.38
2866,0,1,59.41
2867,0,0,51.91
2868,0,0,67.95
2869,0,1,16.44
2870,1,0,59.6
2871,0,1,48.36
2872,1,0,52.52
2873,0,1,34.51
2874,1,1,56.18
2875,0,0,54.27
2876,1,0,66.85
2877,0,0,62.74
2878,0,0,54.56
2879,1,0,41.62
2880,0,1,9.86
2881,0,0,75.66
2882,0,0,21.31
2883,0,0,57.64
2884,1,0,42.03
2885,1,1,44.47
2886,0,0,43.62
2887,1,1,28.8
2888,1,1,36.49
2889,1,0,40.9
2890,0,1,30.85
2891,1,0,71.94
2892,1,0,59.49
2893,0,0,74.17
2894,1,0,25.07
2895,0,0,41.54
2896,0,1,15.8
2897,0,0,47.49
2898,0,0,72.24
2899,1,1,23.09
2900,1,1,47.54
2901,1,0,66.14
2902,1,1,40.63
2903,1,0,50.62
2904,1,0,48.56
2905,1,0,54.66
2906,0,1,31.6
2907,1,1,18.75
2908,0,0,12.51
2909,1,0,59.74
2910,0,1,40.5
2911,1,0,67.91
2912,1,0,30.7
2913,1,0,46.53
2914,0,1,52.19
2915,0,0,48.18
2916,1,0,67.08
2917,1,0,60.03
2918,1,1,38.02
2919,1,0,60.0
2920,1,0,38.07
2921,1,1,44.4
2922,1,0,41.71
2923,0,1,33.02
2924,0,0,40.92
2925,0,0,44.26
2926,1,0,19.99
2927,0,0,60.42
2928,0,0,60.48
2929,0,0,72.86
2930,1,1,10.43
2931,1,1,36.9
2932,0,0,51.71
2933,1,1,40.14
2934,0,0,40.82
2935,0,0,57.88
2936,0,1,13.13
2937,0,0,59.71
2938,1,0,48.93
2939,1,0,46.22
2940,0,0,75.31
2941,0,0,73.68
2942,1,0,63.82
2943,1,0,67.69
2944,1,0,39.56
2945,1,0,59.58
2946,0,0,36.84
2947,1,0,47.07
2948,0,0,44.72
2949,1,0,59.18
2950,1,0,71.54
2951,0,0,33.33
2952,0,0,40.42
2953,0,0,67.1
2954,1,0,38.09
2955,0,0,59.4
2956,0,1,52.99
2957,0,0,34.47
2958,1,0,45.93
2959,1,1,30.22
2960,1,1,35.86
2961,1,1,26.73
2962,1,0,54.77
2963,0,0,56.89
2964,0,1,29.2
2965,1,0,50.74
2966,0,0,43.95
2967,0,0,45.32
2968,0,0,40.33
2969,0,1,56.86
2970,0,0,61.03
2971,1,0,41.98
2972,0,0,70.05
2973,1,0,41.39
2974,0,0,49.47
2975,1,0,49.0
2976,1,0,39.82
2977,0,1,34.21
2978,0,0,39.87
2979,1,0,47.63
2980,1,1,16.08
2981,0,0,54.17
2982,0,1,25.3
2983,1,0,51.33
2984,0,0,70.42
2985,0,0,55.14
2986,1,1,30.73
2987,0,0,38.69
2988,0,0,44.24
2989,0,0,62.75
2990,1,1,42.11
2991,1,0,61.11
2992,1,1,35.22
2993,0,1,12.32
2994,0,1,43.48
2995,1,0,60.51
2996,1,1,49.99
2997,1,0,43.17
2998,1,0,41.16
2999,1,0,71.32
3000,0,0,86.87
